-- phpMyAdmin SQL Dump
-- version 5.2.1
-- https://www.phpmyadmin.net/
--
-- Host: 127.0.0.1
-- Generation Time: Jul 07, 2025 at 05:20 PM
-- Server version: 10.4.32-MariaDB
-- PHP Version: 8.2.12

SET SQL_MODE = "NO_AUTO_VALUE_ON_ZERO";
START TRANSACTION;
SET time_zone = "+00:00";


/*!40101 SET @OLD_CHARACTER_SET_CLIENT=@@CHARACTER_SET_CLIENT */;
/*!40101 SET @OLD_CHARACTER_SET_RESULTS=@@CHARACTER_SET_RESULTS */;
/*!40101 SET @OLD_COLLATION_CONNECTION=@@COLLATION_CONNECTION */;
/*!40101 SET NAMES utf8mb4 */;

--
-- Database: `battery_db`
--

-- --------------------------------------------------------

--
-- Table structure for table `batteries`
--

CREATE TABLE `batteries` (
  `battery_id` int(11) NOT NULL,
  `name` varchar(255) NOT NULL,
  `brand` varchar(100) NOT NULL,
  `capacity_ah` int(11) DEFAULT NULL,
  `total_warranty_months` int(11) DEFAULT NULL,
  `full_replacement_warranty_months` int(11) DEFAULT NULL,
  `pro_rata_warranty_months` int(11) DEFAULT NULL,
  `image_url` varchar(512) DEFAULT NULL,
  `local_image_path` varchar(512) DEFAULT NULL,
  `original_url` varchar(512) NOT NULL
) ENGINE=InnoDB DEFAULT CHARSET=utf8mb4 COLLATE=utf8mb4_unicode_ci;

--
-- Dumping data for table `batteries`
--

INSERT INTO `batteries` (`battery_id`, `name`, `brand`, `capacity_ah`, `total_warranty_months`, `full_replacement_warranty_months`, `pro_rata_warranty_months`, `image_url`, `local_image_path`, `original_url`) VALUES
(1, 'PowerZone PZDIN45 (45AH)', 'PowerZone', 45, 50, 25, 25, 'https://www.batteryboss.in/assets/images/batteryboss/battery/199_Power Zone PZDIN45 (45AH).jpg', 'assets/imgs/PowerZone/199_Power_Zone_PZDIN45_45AH.jpg', 'https://www.batteryboss.in/battery/powerzone-pzdin45-45ah'),
(2, 'Amaron FLO DIN45 (545106036)', 'Amaron', 45, 60, 30, 30, 'https://www.batteryboss.in/assets/images/batteryboss/battery/7_Amaron FLO DIN45.png', 'assets/imgs/Amaron/7_Amaron_FLO_DIN45.png', 'https://www.batteryboss.in/battery/amaron-flo-din45'),
(3, 'Exide Mileage MLDIN44LH', 'Exide', 44, 60, 30, 30, 'https://www.batteryboss.in/assets/images/batteryboss/battery/79_79_Exide Mileage MLDIN44LH.jpg', 'assets/imgs/Exide/79_79_Exide_Mileage_MLDIN44LH.jpg', 'https://www.batteryboss.in/battery/exide-mileage-mldin44lh'),
(4, 'Exide Mileage MLDIN60', 'Exide', 60, 60, 30, 30, 'https://www.batteryboss.in/assets/images/batteryboss/battery/76_76_MLDIN60.jpg', 'assets/imgs/Exide/76_76_MLDIN60.jpg', 'https://www.batteryboss.in/battery/exide-mileage-mldin60'),
(5, 'PowerZone PZDIN66 (66 AH)', 'PowerZone', 66, 50, 25, 25, 'https://www.batteryboss.in/assets/images/batteryboss/battery/270_Power Zone PZDIN66 (66AH).jpg', 'assets/imgs/PowerZone/270_Power_Zone_PZDIN66_66AH.jpg', 'https://www.batteryboss.in/battery/powerzone-pzdin66-66-ah'),
(6, 'Amaron FLO DIN66 (DIN60) 566112060', 'Amaron', 60, 60, 30, 30, 'https://www.batteryboss.in/assets/images/batteryboss/battery/12_Amaron FLO DIN66.jpg', 'assets/imgs/Amaron/12_Amaron_FLO_DIN66.jpg', 'https://www.batteryboss.in/battery/amaron-flo-din66'),
(7, 'Power Zone PZBH40B20L (40AH)', 'Power', 40, 60, 30, 30, 'https://www.batteryboss.in/assets/images/batteryboss/battery/200_Power Zone PZBH40B20L (40AH).jpg', 'assets/imgs/Power/200_Power_Zone_PZBH40B20L_40AH.jpg', 'https://www.batteryboss.in/battery/power-zone-pzbh40b20l-40ah'),
(8, 'Exide Mileage ML40LBH (40 AH)', 'Exide', 40, 60, 30, 30, 'https://www.batteryboss.in/assets/images/batteryboss/battery/71_71_MGRID40LBH.jpg', 'assets/imgs/Exide/71_71_MGRID40LBH.jpg', 'https://www.batteryboss.in/battery/exide-mileage-ml40lbh-40-ah'),
(9, 'Amaron FLO BH40B20L (40AH)', 'Amaron', 40, 72, 36, 36, 'https://www.batteryboss.in/assets/images/batteryboss/battery/4_Amaron FLO bh40b20l (40AH).jpg', 'assets/imgs/Amaron/4_Amaron_FLO_bh40b20l_40AH.jpg', 'https://www.batteryboss.in/battery/amaron-flo-bh40b20l-40ah'),
(10, 'Amaron GO 95D26L', 'Amaron', 65, 48, 24, 24, 'https://www.batteryboss.in/assets/images/batteryboss/battery/24_24_Amaron-GO-95D26L.jpg', 'assets/imgs/Amaron/24_24_Amaron-GO-95D26L.jpg', 'https://www.batteryboss.in/battery/amaron-go-95d26l'),
(11, 'PowerZone PZ95D26L (65AH)', 'PowerZone', 65, 40, 20, 20, 'https://www.batteryboss.in/assets/images/batteryboss/battery/268_Power Zone PZ95D26L (65AH).jpg', 'assets/imgs/PowerZone/268_Power_Zone_PZ95D26L_65AH.jpg', 'https://www.batteryboss.in/battery/powerzone-pz95d26l-65ah'),
(12, 'Exide EEZY EGRID 700L', 'Exide', 65, 48, 24, 24, 'https://www.batteryboss.in/assets/images/batteryboss/battery/64_64_Exide EEZY EGRID 700L.jpg', 'assets/imgs/Exide/64_64_Exide_EEZY_EGRID_700L.jpg', 'https://www.batteryboss.in/battery/exide-eezy-egrid-700l'),
(13, 'Amaron GO 105D31L', 'Amaron', 80, 48, 24, 24, 'https://www.batteryboss.in/assets/images/batteryboss/battery/28_Amaron GO 105D31L - 80AH.jpg', 'assets/imgs/Amaron/28_Amaron_GO_105D31L_-_80AH.jpg', 'https://www.batteryboss.in/battery/amaron-go-10531l'),
(14, 'Exide EEZY EY 105D31L', 'Exide', 85, 48, 24, 24, 'https://www.batteryboss.in/assets/images/batteryboss/battery/67_Exide EY105D31L - 85 AH.jpg', 'assets/imgs/Exide/67_Exide_EY105D31L_-_85_AH.jpg', 'https://www.batteryboss.in/battery/exide-eezy-ey105d31l-85ah'),
(15, 'Amaron FLO DIN80 (580112073)', 'Amaron', 80, 60, 30, 30, 'https://www.batteryboss.in/assets/images/batteryboss/battery/15_Amaron FLO DIN80.jpg', 'assets/imgs/Amaron/15_Amaron_FLO_DIN80.jpg', 'https://www.batteryboss.in/battery/amaron-flo-din80'),
(16, 'Exide Mileage MLDIN80 (80AH)', 'Exide', 80, 60, 30, 30, 'https://www.batteryboss.in/assets/images/batteryboss/battery/163_Exide Mileage MLDIN80 (80AH).jpg', 'assets/imgs/Exide/163_Exide_Mileage_MLDIN80_80AH.jpg', 'https://www.batteryboss.in/battery/exide-mileage-mldin80-80ah'),
(17, 'Exide Matrix Red MTRED45L', 'Exide', 45, 72, 36, 36, 'https://www.batteryboss.in/assets/images/batteryboss/battery/100_100_Exide Matrix red MTRED45L.jpg', 'assets/imgs/Exide/100_100_Exide_Matrix_red_MTRED45L.jpg', 'https://www.batteryboss.in/battery/exide-matrix-red-mtred45l'),
(18, 'Amaron PRO 55B24LS', 'Amaron', 45, 72, 36, 36, 'https://www.batteryboss.in/assets/images/batteryboss/battery/18_Amaron PRO 55B24Ls - 45AH.jpeg', 'assets/imgs/Amaron/18_Amaron_PRO_55B24Ls_-_45AH.jpeg', 'https://www.batteryboss.in/battery/amaron-pro-55b24ls'),
(19, 'AMARON FLO 40B20L (35AH)', 'AMARON', 35, 72, 36, 36, 'https://www.batteryboss.in/assets/images/batteryboss/battery/304_Amaron FLO 40B20L - 35AH.png', 'assets/imgs/AMARON/304_Amaron_FLO_40B20L_-_35AH.png', 'https://www.batteryboss.in/battery/amaron-flo-40b20l-35ah'),
(20, 'SF 72S 55LS - 45AH', 'SF', 45, 72, 36, 36, 'https://www.batteryboss.in/assets/images/batteryboss/battery/44_SF 72S 55LS - 45AH.jpeg', 'assets/imgs/SF/44_SF_72S_55LS_-_45AH.jpeg', 'https://www.batteryboss.in/battery/sf-sonic-flash-start-1800-fs1800-55ls'),
(21, 'Exide Mileage ML38B20R', 'Exide', 35, 60, 36, 24, 'https://www.batteryboss.in/assets/images/batteryboss/battery/194_ML38B20R - 35ah.jpg', 'assets/imgs/Exide/194_ML38B20R_-_35ah.jpg', 'https://www.batteryboss.in/battery/exide-mileage-ml38b20'),
(22, 'Dynex 35R 35AH', 'Dynex', 35, 18, NULL, NULL, 'https://www.batteryboss.in/assets/images/batteryboss/battery/83_83_Dynex 35R 35Ah.jpg', 'assets/imgs/Dynex/83_83_Dynex_35R_35Ah.jpg', 'https://www.batteryboss.in/battery/dynex-35r-35ah'),
(23, 'SF Sonic boltz BZ 35R (35AH)', 'SF', 35, 60, 36, 24, 'https://www.batteryboss.in/assets/images/batteryboss/battery/208_SF Sonic boltz BZ 35R (35AH).jpg', 'assets/imgs/SF/208_SF_Sonic_boltz_BZ_35R_35AH.jpg', 'https://www.batteryboss.in/battery/sf-sonic-boltz-bz-35r-35ah'),
(24, 'Amaron FLO 36B20 (35 AH)', 'Amaron', 35, 55, 30, 25, NULL, NULL, 'https://www.batteryboss.in/battery/amaron-flo-36b20-35-ah'),
(25, 'Amaron GO 38B20R', 'Amaron', 35, 60, 30, 30, 'https://www.batteryboss.in/assets/images/batteryboss/battery/21_21_Amaron-GO-38B20R.jpg', 'assets/imgs/Amaron/21_21_Amaron-GO-38B20R.jpg', 'https://www.batteryboss.in/battery/amaron-go-38b20r'),
(26, 'Exide EEZY 34B19L', 'Exide', 35, 44, 24, 20, 'https://www.batteryboss.in/assets/images/batteryboss/battery/289_Exide EEZY 34B19L.jpg', 'assets/imgs/Exide/289_Exide_EEZY_34B19L.jpg', 'https://www.batteryboss.in/battery/exide-eezy-34b19l'),
(27, 'Amaron Black BL400 RMF', 'Amaron', 35, 24, NULL, NULL, 'https://www.batteryboss.in/assets/images/batteryboss/battery/35_35_Amaron-Black-BL400-LMF.jpg', 'assets/imgs/Amaron/35_35_Amaron-Black-BL400-LMF.jpg', 'https://www.batteryboss.in/battery/amaron-black-bl400-rmf'),
(28, 'Exide MATRIX MT40B20L', 'Exide', 35, 72, 36, 36, 'https://www.batteryboss.in/assets/images/batteryboss/battery/366_Exide Matrix MT40B20L - 35ah.jpg', 'assets/imgs/Exide/366_Exide_Matrix_MT40B20L_-_35ah.jpg', 'https://www.batteryboss.in/battery/exide-matrix-mt40b20l'),
(29, 'Amaron FLO 42B20R', 'Amaron', 35, 72, 36, 36, 'https://www.batteryboss.in/assets/images/batteryboss/battery/3_3_Amaron-FLO-42B20R.jpg', 'assets/imgs/Amaron/3_3_Amaron-FLO-42B20R.jpg', 'https://www.batteryboss.in/battery/amaron-flo-42b20r'),
(30, 'PowerZone PZ 38B20R (35AH)', 'PowerZone', 35, 50, 25, 25, 'https://www.batteryboss.in/assets/images/batteryboss/battery/205_PowerZone PZ 38B20R (35AH).jpg', 'assets/imgs/PowerZone/205_PowerZone_PZ_38B20R_35AH.jpg', 'https://www.batteryboss.in/battery/powerzone-pz-38b20r-35ah'),
(31, 'Amaron PRO 50B20R', 'Amaron', 35, 66, 36, 30, 'https://www.batteryboss.in/assets/images/batteryboss/battery/17_17_AMARON PRO 50B20R.jpg', 'assets/imgs/Amaron/17_17_AMARON_PRO_50B20R.jpg', 'https://www.batteryboss.in/battery/amaron-pro-50b20r'),
(32, 'Exide Mileage ML35R', 'Exide', 35, 55, 30, 25, 'https://www.batteryboss.in/assets/images/batteryboss/battery/212_Exide Mileage ML35R.jpg', 'assets/imgs/Exide/212_Exide_Mileage_ML35R.jpg', 'https://www.batteryboss.in/battery/exide-mileage-ml35r'),
(33, 'Amaron FR 400R', 'Amaron', 35, 12, NULL, NULL, 'https://www.batteryboss.in/assets/images/batteryboss/battery/30_30_Amaron-Fresh-FR400-RMF.jpg', 'assets/imgs/Amaron/30_30_Amaron-Fresh-FR400-RMF.jpg', 'https://www.batteryboss.in/battery/amaron-fr-400r'),
(34, 'Exide EPIQ 35R', 'Exide', 35, 77, 42, 35, 'https://www.batteryboss.in/assets/images/batteryboss/battery/40_40_Exide EPIQ35R.jpg', 'assets/imgs/Exide/40_40_Exide_EPIQ35R.jpg', 'https://www.batteryboss.in/battery/exide-epiq35r'),
(35, 'SF Sonic boltz BZ 35L (35AH)', 'SF', 35, 60, 36, 24, 'https://www.batteryboss.in/assets/images/batteryboss/battery/207_SF Sonic boltz BZ35L (35AH).jpg', 'assets/imgs/SF/207_SF_Sonic_boltz_BZ35L_35AH.jpg', 'https://www.batteryboss.in/battery/sf-sonic-boltz-bz35l-35ah'),
(36, 'PowerZone PZ38B20L (35AH)', 'PowerZone', 35, 50, 25, 25, 'https://www.batteryboss.in/assets/images/batteryboss/battery/204_Power Zone PZ38B20L (35AH).jpg', 'assets/imgs/PowerZone/204_Power_Zone_PZ38B20L_35AH.jpg', 'https://www.batteryboss.in/battery/powerzone-pz38b20l-35ah'),
(37, 'BOSCH S5 35L', 'BOSCH', 35, 78, 30, 48, 'https://www.batteryboss.in/assets/images/batteryboss/battery/213_Bosch S5 35L.jpeg', 'assets/imgs/BOSCH/213_Bosch_S5_35L.jpeg', 'https://www.batteryboss.in/battery/bosch-s5-35l'),
(38, 'Exide EPIQ 35L', 'Exide', 35, 77, 42, 35, 'https://www.batteryboss.in/assets/images/batteryboss/battery/39_EXIDE EPIQ 35L - 35AH.jpeg', 'assets/imgs/Exide/39_EXIDE_EPIQ_35L_-_35AH.jpeg', 'https://www.batteryboss.in/battery/exide-epiq35l'),
(39, 'Amaron FLO 36B20L', 'Amaron', 35, 55, 30, 25, 'https://www.batteryboss.in/assets/images/batteryboss/battery/96_96_Amaron FLO 36B20L.jpg', 'assets/imgs/Amaron/96_96_Amaron_FLO_36B20L.jpg', 'https://www.batteryboss.in/battery/amaron-flo-36b20l'),
(40, 'Amaron FLO 42B20L', 'Amaron', 35, 72, 36, 36, 'https://www.batteryboss.in/assets/images/batteryboss/battery/2_Amaron FLO 42B20L - 35AH.png', 'assets/imgs/Amaron/2_Amaron_FLO_42B20L_-_35AH.png', 'https://www.batteryboss.in/battery/amaron-flo-42b20l'),
(41, 'Amaron PRO 50B20L', 'Amaron', 35, 66, 36, 30, 'https://www.batteryboss.in/assets/images/batteryboss/battery/16_16_AMARON PRO 50B20L.jpg', 'assets/imgs/Amaron/16_16_AMARON_PRO_50B20L.jpg', 'https://www.batteryboss.in/battery/amaron-pro-50b20l'),
(42, 'Amaron Black BL400 LMF', 'Amaron', 35, 24, NULL, NULL, 'https://www.batteryboss.in/assets/images/batteryboss/battery/34_Amaron BL400 (35AH).jpg', 'assets/imgs/Amaron/34_Amaron_BL400_35AH.jpg', 'https://www.batteryboss.in/battery/amaron-black-bl400-lmf'),
(43, 'Amaron FR 400L', 'Amaron', 35, 12, NULL, NULL, 'https://www.batteryboss.in/assets/images/batteryboss/battery/31_31_Amaron-Fresh-FR400-LMF.jpg', 'assets/imgs/Amaron/31_31_Amaron-Fresh-FR400-LMF.jpg', 'https://www.batteryboss.in/battery/amaron-fr-400l'),
(44, 'Amaron GO 38B20L', 'Amaron', 35, 60, 30, 30, 'https://www.batteryboss.in/assets/images/batteryboss/battery/22_Amaron GO 38B20L.png', 'assets/imgs/Amaron/22_Amaron_GO_38B20L.png', 'https://www.batteryboss.in/battery/amaron-go-38b20l'),
(45, 'Exide Mileage ML35L', 'Exide', 35, 55, 30, 25, 'https://www.batteryboss.in/assets/images/batteryboss/battery/211_Exide Mileage ML35L.jpg', 'assets/imgs/Exide/211_Exide_Mileage_ML35L.jpg', 'https://www.batteryboss.in/battery/exide-mileage-ml35l'),
(46, 'PowerZone PZ4000L (35AH)', 'PowerZone', 35, 36, 18, 18, 'https://www.batteryboss.in/assets/images/batteryboss/battery/216_PowerZone PZ35000.jpg', 'assets/imgs/PowerZone/216_PowerZone_PZ35000.jpg', 'https://www.batteryboss.in/battery/powerzone-pz4000l-35ah'),
(47, 'Exide Mileage ML38B20L', 'Exide', 35, 60, 30, 30, 'https://www.batteryboss.in/assets/images/batteryboss/battery/180_Exide Mileage ML38B20L (35AH).jpg', 'assets/imgs/Exide/180_Exide_Mileage_ML38B20L_35AH.jpg', 'https://www.batteryboss.in/battery/exide-mileage-ml38b20l'),
(48, 'Amaron GO 50B24L', 'Amaron', 45, 48, 24, 24, 'https://www.batteryboss.in/assets/images/batteryboss/battery/276_Amaron FLO 50B24L - 45AH.png', 'assets/imgs/Amaron/276_Amaron_FLO_50B24L_-_45AH.png', 'https://www.batteryboss.in/battery/amaron-go-50b24l'),
(49, 'Exide EPIQ 45L', 'Exide', 35, 77, 42, 35, 'https://www.batteryboss.in/assets/images/batteryboss/battery/41_41_Exide EPIQ45L.jpg', 'assets/imgs/Exide/41_41_Exide_EPIQ45L.jpg', 'https://www.batteryboss.in/battery/exide-epiq45l'),
(50, 'PowerZone PZDIN50 (50AH)', 'PowerZone', 50, 50, 25, 25, 'https://www.batteryboss.in/assets/images/batteryboss/battery/215_PowerZOne.jpg', 'assets/imgs/PowerZone/215_PowerZOne.jpg', 'https://www.batteryboss.in/battery/powerzone-pzdin50-50ah'),
(51, 'Amaron FLO DIN50 L', 'Amaron', 50, 60, 30, 30, 'https://www.batteryboss.in/assets/images/batteryboss/battery/6_6_Amaron-FLO-DIN50.jpg', 'assets/imgs/Amaron/6_6_Amaron-FLO-DIN50.jpg', 'https://www.batteryboss.in/battery/amaron-flo-din50'),
(52, 'Exide Mileage MLDIN50', 'Exide', 50, 60, 30, 30, 'https://www.batteryboss.in/assets/images/batteryboss/battery/72_72_MGRIDDIN50.jpg', 'assets/imgs/Exide/72_72_MGRIDDIN50.jpg', 'https://www.batteryboss.in/battery/exide-mileage-mldin50'),
(53, 'Exide Mileage MLDIN66 (66 AH)', 'Exide', 66, 60, 30, 30, 'https://www.batteryboss.in/assets/images/batteryboss/battery/273_Exide Mileage MLDIN66 (66AH).jpg', 'assets/imgs/Exide/273_Exide_Mileage_MLDIN66_66AH.jpg', 'https://www.batteryboss.in/battery/exide-mileage-mldin66-66-ah'),
(54, 'PowerZone PZDIN65 (65AH)', 'PowerZone', 65, 50, 25, 25, 'https://www.batteryboss.in/assets/images/batteryboss/battery/198_POwerZone PZDIN65 (65AH).jpg', 'assets/imgs/PowerZone/198_POwerZone_PZDIN65_65AH.jpg', 'https://www.batteryboss.in/battery/powerzone-pzdin65-65ah'),
(55, 'Amaron FLO DIN65 (565106590)', 'Amaron', 65, 60, 30, 30, 'https://www.batteryboss.in/assets/images/batteryboss/battery/13_Amaron FLO DIN65 - 65AH.jpeg', 'assets/imgs/Amaron/13_Amaron_FLO_DIN65_-_65AH.jpeg', 'https://www.batteryboss.in/battery/amaron-flo-din65'),
(56, 'Exide Mileage MLDIN65LH', 'Exide', 65, 60, 30, 30, 'https://www.batteryboss.in/assets/images/batteryboss/battery/73_73_MGRIDDIN65LH.jpg', 'assets/imgs/Exide/73_73_MGRIDDIN65LH.jpg', 'https://www.batteryboss.in/battery/exide-mileage-mldin65lh'),
(57, 'SF Sonic Flash Start 1440 FS1440 DIN65LH', 'SF', 65, 55, 30, 25, 'https://www.batteryboss.in/assets/images/batteryboss/battery/56_56_FS1440 DIN65LH.jpg', 'assets/imgs/SF/56_56_FS1440_DIN65LH.jpg', 'https://www.batteryboss.in/battery/sf-sonic-flash-start-1440-fs1440-din65lh'),
(58, 'AC Delco PAM-50-00AC DIN65 (65AH)', 'AC', 65, 50, 25, 25, 'https://www.batteryboss.in/assets/images/batteryboss/battery/259_AC Delco PAM-50-00AC DIN65 (65AH).jpg', 'assets/imgs/AC/259_AC_Delco_PAM-50-00AC_DIN65_65AH.jpg', 'https://www.batteryboss.in/battery/ac-delco-pam-50-00ac-din65-65ah'),
(59, 'BOSCH S5 35R', 'BOSCH', 35, 78, 30, 48, 'https://www.batteryboss.in/assets/images/batteryboss/battery/214_Bosch S5 35R.jpeg', 'assets/imgs/BOSCH/214_Bosch_S5_35R.jpeg', 'https://www.batteryboss.in/battery/bosch-s5-35r'),
(60, 'Exide Conservo DIN70 ISS', 'Exide', 70, 24, NULL, NULL, 'https://www.batteryboss.in/assets/images/batteryboss/battery/37_37_Exide Conservo DIN70 ISS.jpg', 'assets/imgs/Exide/37_37_Exide_Conservo_DIN70_ISS.jpg', 'https://www.batteryboss.in/battery/exide-conservo-din70-iss'),
(61, 'Exide Mileage MLDIN70 (ISS) (70AH)', 'Exide', 70, 60, 30, 30, 'https://www.batteryboss.in/assets/images/batteryboss/battery/287_Exide Mileage mldin70(iss) (70AH).jpg', 'assets/imgs/Exide/287_Exide_Mileage_mldin70iss_70AH.jpg', 'https://www.batteryboss.in/battery/exide-mileage-mldin70-iss-70ah'),
(62, 'Exide Mileage MLN55 (ISS) - 45AH', 'Exide', 45, 60, 30, 30, 'https://www.batteryboss.in/assets/images/batteryboss/battery/297_Exide Mileage MLN55(ISS) - 45AH.jpg', 'assets/imgs/Exide/297_Exide_Mileage_MLN55ISS_-_45AH.jpg', 'https://www.batteryboss.in/battery/exide-mileage-mln55-iss-45ah'),
(63, 'Exide Conservo N55 ISS', 'Exide', 45, 24, NULL, NULL, 'https://www.batteryboss.in/assets/images/batteryboss/battery/286_Exide Conservo N55 ISS (45AH).jpg', 'assets/imgs/Exide/286_Exide_Conservo_N55_ISS_45AH.jpg', 'https://www.batteryboss.in/battery/exide-conservo-n55-iss'),
(64, 'SF Sonic Flash Start 1440 FS1440 DIN60', 'SF', 60, 48, 24, 24, 'https://www.batteryboss.in/assets/images/batteryboss/battery/55_55_FS1440 DIN60.jpg', 'assets/imgs/SF/55_55_FS1440_DIN60.jpg', 'https://www.batteryboss.in/battery/sf-sonic-flash-start-1440-fs1440-din60'),
(65, 'Exide Cabby45L (45 AH)', 'Exide', 35, 12, NULL, NULL, NULL, NULL, 'https://www.batteryboss.in/battery/exide-cabby45l-45-ah'),
(66, 'PowerZONE PZ46B24LS (45AH)', 'PowerZONE', 45, 50, 25, 25, 'https://www.batteryboss.in/assets/images/batteryboss/battery/202_Power Zone PZ46B24LS (45AH).jpg', 'assets/imgs/PowerZONE/202_Power_Zone_PZ46B24LS_45AH.jpg', 'https://www.batteryboss.in/battery/powerzone-pz46b24ls-45ah'),
(67, 'Amaron DIN74 AAM PR 574102069', 'Amaron', 74, 66, 36, 30, 'https://www.batteryboss.in/assets/images/batteryboss/battery/19_Amaron DIN74 AAM PR 574102069.jpg', 'assets/imgs/Amaron/19_Amaron_DIN74_AAM_PR_574102069.jpg', 'https://www.batteryboss.in/battery/amaron-pro-din74'),
(68, 'Exide EPIQ DIN74L', 'Exide', 74, 77, 42, 35, 'https://www.batteryboss.in/assets/images/batteryboss/battery/63_Exide EPIQDIN74L.jpg', 'assets/imgs/Exide/63_Exide_EPIQDIN74L.jpg', 'https://www.batteryboss.in/battery/exide-epiqdin74l'),
(69, 'Exide Matrix Red MTREDDIN74', 'Exide', 74, 66, 36, 30, 'https://www.batteryboss.in/assets/images/batteryboss/battery/101_101_Exide Matrix Red MTREDDIN74.jpg', 'assets/imgs/Exide/101_101_Exide_Matrix_Red_MTREDDIN74.jpg', 'https://www.batteryboss.in/battery/exide-matrix-red-mtreddin74'),
(70, 'SF Sonic Flash Start 1800 FS1800 DIN74', 'SF', 74, 60, 36, 24, 'https://www.batteryboss.in/assets/images/batteryboss/battery/45_FS1800 DIN74.png', 'assets/imgs/SF/45_FS1800_DIN74.png', 'https://www.batteryboss.in/battery/sf-sonic-flash-start-1800-fs1800-din74'),
(71, 'Amaron GO BH38B20R', 'Amaron', 35, 48, 24, 24, 'https://www.batteryboss.in/assets/images/batteryboss/battery/23_23_Amaron-GO-BH38B20R.jpg', 'assets/imgs/Amaron/23_23_Amaron-GO-BH38B20R.jpg', 'https://www.batteryboss.in/battery/amaron-go-bh38b20r'),
(72, 'Amaron FLO BH90D23L', 'Amaron', 70, 60, 30, 30, 'https://www.batteryboss.in/assets/images/batteryboss/battery/9_9_Amaron FLO BH90D23L.jpg', 'assets/imgs/Amaron/9_9_Amaron_FLO_BH90D23L.jpg', 'https://www.batteryboss.in/battery/amaron-flo-bh90d23l'),
(73, 'PowerZone PZBH90D23L (68AH)', 'PowerZone', 68, 50, 25, 25, 'https://www.batteryboss.in/assets/images/batteryboss/battery/274_PowerZone PZBH90D23L (68AH).jpeg', 'assets/imgs/PowerZone/274_PowerZone_PZBH90D23L_68AH.jpeg', 'https://www.batteryboss.in/battery/powerzone-pzbh90d23l-68ah'),
(74, 'Exide Mileage ML75D23LBH', 'Exide', 68, 60, 30, 30, 'https://www.batteryboss.in/assets/images/batteryboss/battery/77_77_Exide Mileage ML75D23LBH.jpg', 'assets/imgs/Exide/77_77_Exide_Mileage_ML75D23LBH.jpg', 'https://www.batteryboss.in/battery/exide-mileage-ml75d23lbh'),
(75, 'Exide Mileage ML45D21LBH', 'Exide', 45, 60, 30, 30, 'https://www.batteryboss.in/assets/images/batteryboss/battery/78_78_ML45D21LBH.jpg', 'assets/imgs/Exide/78_78_ML45D21LBH.jpg', 'https://www.batteryboss.in/battery/exide-mileage-ml45d21lbh'),
(76, 'PowerZONE PZ BH45D20L 45AH', 'PowerZONE', 45, 50, 25, 25, 'https://www.batteryboss.in/assets/images/batteryboss/battery/201_201_PowerZONE PZ BH45B20L.jpg', 'assets/imgs/PowerZONE/201_201_PowerZONE_PZ_BH45B20L.jpg', 'https://www.batteryboss.in/battery/powerzone-pz-bh45d20l-45ah'),
(77, 'Amaron FLO BH45D20L', 'Amaron', 50, 60, 30, 30, 'https://www.batteryboss.in/assets/images/batteryboss/battery/8_Amaron FLO BH45D20L - 50AH.jpeg', 'assets/imgs/Amaron/8_Amaron_FLO_BH45D20L_-_50AH.jpeg', 'https://www.batteryboss.in/battery/amaron-flo-bh45d20l-45ah'),
(78, 'AC Delco PAM-54-AC 40B20LB (35AH)', 'AC', 35, 54, 30, 24, 'https://www.batteryboss.in/assets/images/batteryboss/battery/266_AC Delco PAM-54-AC 40B20LB (35AH).jpg', 'assets/imgs/AC/266_AC_Delco_PAM-54-AC_40B20LB_35AH.jpg', 'https://www.batteryboss.in/battery/ac-delco-pam-54-ac-40b20lb-35ah'),
(79, 'Amaron Black BL800 LMF', 'Amaron', 80, 24, NULL, NULL, 'https://www.batteryboss.in/assets/images/batteryboss/battery/166_166_Amaron-Black-BL800-LMF.jpg', 'assets/imgs/Amaron/166_166_Amaron-Black-BL800-LMF.jpg', 'https://www.batteryboss.in/battery/amaron-black-bl800-lmf'),
(80, 'PowerZone PZ800L (80AH)', 'PowerZone', 80, 36, 24, 12, 'https://www.batteryboss.in/assets/images/batteryboss/battery/271_Power Zone PZ800L (80AH).jpg', 'assets/imgs/PowerZone/271_Power_Zone_PZ800L_80AH.jpg', 'https://www.batteryboss.in/battery/powerzone-pz800l-80ah'),
(81, 'SF Sonic Flash Start 1440 FS1440 DIN44LH', 'SF', 44, 48, 24, 24, NULL, NULL, 'https://www.batteryboss.in/battery/sf-sonic-flash-start-1440-fs1440-din44lh'),
(82, 'AC Delco PAM-50-00AC DIN66 (60AH)', 'AC', 60, 50, 25, 25, 'https://www.batteryboss.in/assets/images/batteryboss/battery/258_AC Delco PAM-50-00AC DIN66 (60AH).jpg', 'assets/imgs/AC/258_AC_Delco_PAM-50-00AC_DIN66_60AH.jpg', 'https://www.batteryboss.in/battery/ac-delco-pam-50-00ac-din66-60ah'),
(83, 'AC Delco PAM-42-0AC 38B20L (35AH)', 'AC', 35, 42, NULL, NULL, 'https://www.batteryboss.in/assets/images/batteryboss/battery/256_AC Delco PAM-42-0AC 38B20L (35AH).jpg', 'assets/imgs/AC/256_AC_Delco_PAM-42-0AC_38B20L_35AH.jpg', 'https://www.batteryboss.in/battery/ac-delco-pam-42-0ac-38b20l-35ah'),
(84, 'AC Delco PAM-54-0AC 42B20L (35AH)', 'AC', 35, 54, 30, 24, 'https://www.batteryboss.in/assets/images/batteryboss/battery/267_AC Delco PAM-54-0AC 42B20L (35AH).jpg', 'assets/imgs/AC/267_AC_Delco_PAM-54-0AC_42B20L_35AH.jpg', 'https://www.batteryboss.in/battery/ac-delco-pam-54-0ac-42b20l-35ah'),
(85, 'SF Sonic Flash Start 1440 FS1440 35L', 'SF', 35, 48, 24, 24, 'https://www.batteryboss.in/assets/images/batteryboss/battery/47_47_FS 1440 35L.jpg', 'assets/imgs/SF/47_47_FS_1440_35L.jpg', 'https://www.batteryboss.in/battery/sf-sonic-flash-start-1440-fs1440-35l'),
(86, 'AC Delco PAM-50-00AC DIN45 (45AH)', 'AC', 45, 50, 25, 25, 'https://www.batteryboss.in/assets/images/batteryboss/battery/257_AC Delco PAM-50-00AC DIN45 (45AH).jpg', 'assets/imgs/AC/257_AC_Delco_PAM-50-00AC_DIN45_45AH.jpg', 'https://www.batteryboss.in/battery/ac-delco-pam-50-00ac-din45-45ah'),
(87, 'Exide Matrix Red MTREDDIN100', 'Exide', 100, 72, 36, 36, 'https://www.batteryboss.in/assets/images/batteryboss/battery/103_Exide Matrix Red MTREDDIN100 (100AH).jpg', 'assets/imgs/Exide/103_Exide_Matrix_Red_MTREDDIN100_100AH.jpg', 'https://www.batteryboss.in/battery/exide-matrix-red-mtreddin100'),
(88, 'Amaron PRO DIN100', 'Amaron', 100, 66, 36, 30, 'https://www.batteryboss.in/assets/images/batteryboss/battery/20_Amaron PRO DIN100.png', 'assets/imgs/Amaron/20_Amaron_PRO_DIN100.png', 'https://www.batteryboss.in/battery/amaron-pro-din100'),
(89, 'Exide Mileage MLDIN55R', 'Exide', 55, 55, 30, 25, 'https://www.batteryboss.in/assets/images/batteryboss/battery/75_75_MLDIN55R.jpg', 'assets/imgs/Exide/75_75_MLDIN55R.jpg', 'https://www.batteryboss.in/battery/exide-mileage-mldin55r'),
(90, 'Amaron FLO DIN55R', 'Amaron', 55, 60, 30, 30, 'https://www.batteryboss.in/assets/images/batteryboss/battery/11_11_Amaron-FLO-DIN55R.jpg', 'assets/imgs/Amaron/11_11_Amaron-FLO-DIN55R.jpg', 'https://www.batteryboss.in/battery/amaron-flo-din55r'),
(91, 'Exide Mileage MLDIN44R', 'Exide', 44, 60, 30, 30, 'https://www.batteryboss.in/assets/images/batteryboss/battery/80_80_Exide Mileage MLDIN44R.jpg', 'assets/imgs/Exide/80_80_Exide_Mileage_MLDIN44R.jpg', 'https://www.batteryboss.in/battery/exide-mileage-mldin44r'),
(92, 'Amaron FLO DIN50R', 'Amaron', 50, 60, 30, 30, 'https://www.batteryboss.in/assets/images/batteryboss/battery/210_Amaron FLO DIN50R.png', 'assets/imgs/Amaron/210_Amaron_FLO_DIN50R.png', 'https://www.batteryboss.in/battery/amaron-flo-din50r'),
(93, 'Exide EEZY EGRID 700', 'Exide', 65, 44, 24, 20, 'https://www.batteryboss.in/assets/images/batteryboss/battery/65_65_Exide Eezy EGRID 700.jpg', 'assets/imgs/Exide/65_65_Exide_Eezy_EGRID_700.jpg', 'https://www.batteryboss.in/battery/exide-eezy-egrid-700-65ah'),
(94, 'Amaron Black BL700 RMF', 'Amaron', 65, 24, NULL, NULL, 'https://www.batteryboss.in/assets/images/batteryboss/battery/124_124_Amaron-Black-BL700-RMF.jpg', 'assets/imgs/Amaron/124_124_Amaron-Black-BL700-RMF.jpg', 'https://www.batteryboss.in/battery/amaron-black-bl700-rmf'),
(95, 'Amaron GO 105D31R', 'Amaron', 80, 48, 24, 24, 'https://www.batteryboss.in/assets/images/batteryboss/battery/27_27_Amaron GO 105D31R.jpg', 'assets/imgs/Amaron/27_27_Amaron_GO_105D31R.jpg', 'https://www.batteryboss.in/battery/amaron-go-105d31r'),
(96, 'Exide EEZY EY105D31R', 'Exide', 85, 48, 24, 24, 'https://www.batteryboss.in/assets/images/batteryboss/battery/66_Exide EY105D31R - 85 AH.jpg', 'assets/imgs/Exide/66_Exide_EY105D31R_-_85_AH.jpg', 'https://www.batteryboss.in/battery/exide-eezy-ey105d31r-85ah'),
(97, 'Dynex 80R 80AH', 'Dynex', 80, 18, NULL, NULL, 'https://www.batteryboss.in/assets/images/batteryboss/battery/86_86_DYNEX 80R 80Ah.jpg', 'assets/imgs/Dynex/86_86_DYNEX_80R_80Ah.jpg', 'https://www.batteryboss.in/battery/dynex-80r-80ah'),
(98, 'Amaron Black BL800 RMF', 'Amaron', 80, 18, NULL, NULL, 'https://www.batteryboss.in/assets/images/batteryboss/battery/167_167_Amaron-Black-BL800-RMF.jpg', 'assets/imgs/Amaron/167_167_Amaron-Black-BL800-RMF.jpg', 'https://www.batteryboss.in/battery/amaron-black-bl800-rmf'),
(99, 'Amaron GO 95D26R', 'Amaron', 65, 44, 24, 20, 'https://www.batteryboss.in/assets/images/batteryboss/battery/25_25_Amaron GO 95D26R.jpg', 'assets/imgs/Amaron/25_25_Amaron_GO_95D26R.jpg', 'https://www.batteryboss.in/battery/amaron-go-95d26r'),
(100, 'EXIDE MILEAGE MLDIN47RMF - 47AH', 'EXIDE', 47, 55, 30, 25, 'https://www.batteryboss.in/assets/images/batteryboss/battery/328_EXIDE MILEAGE MLDIN47RMFEFB - 47AH.jpeg', 'assets/imgs/EXIDE/328_EXIDE_MILEAGE_MLDIN47RMFEFB_-_47AH.jpeg', 'https://www.batteryboss.in/battery/exide-mileage-mldin47rmf-47ah'),
(101, 'SF Sonic Flash Start 1440 FS1440 DIN50', 'SF', 50, 50, 30, 20, 'https://www.batteryboss.in/assets/images/batteryboss/battery/52_52_SF Sonic FS1440 DIN50.jpg', 'assets/imgs/SF/52_52_SF_Sonic_FS1440_DIN50.jpg', 'https://www.batteryboss.in/battery/sf-sonic-flash-start-1440-fs1440-din50'),
(102, 'Exide EEZY EYDIN78 LMF EFB', 'Exide', 78, 48, 24, 24, 'https://www.batteryboss.in/assets/images/batteryboss/battery/365_Exide EYDIN78ISS.jpg', 'assets/imgs/Exide/365_Exide_EYDIN78ISS.jpg', 'https://www.batteryboss.in/battery/exide-eezy-eydin78-lmf-efb'),
(103, 'SF Sonic Flash Start 1080 FS1080 DIN80', 'SF', 80, 36, 18, 18, 'https://www.batteryboss.in/assets/images/batteryboss/battery/60_60_FS1080 DIN80.jpg', 'assets/imgs/SF/60_60_FS1080_DIN80.jpg', 'https://www.batteryboss.in/battery/sf-sonic-flash-start-1440-fs1080-din80'),
(104, 'Exide Mileage MLDIN55', 'Exide', 55, 55, 30, 25, 'https://www.batteryboss.in/assets/images/batteryboss/battery/74_74_MLDIN55.jpg', 'assets/imgs/Exide/74_74_MLDIN55.jpg', 'https://www.batteryboss.in/battery/exide-mileage-mldin55'),
(105, 'Amaron FLO 80D23L', 'Amaron', 55, 48, 24, 24, 'https://www.batteryboss.in/assets/images/batteryboss/battery/14_14_Amaron FLO 80D23L.jpg', 'assets/imgs/Amaron/14_14_Amaron_FLO_80D23L.jpg', 'https://www.batteryboss.in/battery/amaron-flo-80d23l'),
(106, 'Amaron FR 650L', 'Amaron', 65, 12, NULL, NULL, 'https://www.batteryboss.in/assets/images/batteryboss/battery/32_32_Amaron-Fresh-FR650-LMF.jpg', 'assets/imgs/Amaron/32_32_Amaron-Fresh-FR650-LMF.jpg', 'https://www.batteryboss.in/battery/amaron-fr-650l'),
(107, 'Amaron Black BL700 LMF', 'Amaron', 65, 24, NULL, NULL, 'https://www.batteryboss.in/assets/images/batteryboss/battery/123_123_Amaron Black BL700 LMF.jpg', 'assets/imgs/Amaron/123_123_Amaron_Black_BL700_LMF.jpg', 'https://www.batteryboss.in/battery/amaron-black-bl700-lmf'),
(108, 'AC Delco PAM-40-0AC 95B26L (65AH)', 'AC', 65, 40, 20, 20, 'https://www.batteryboss.in/assets/images/batteryboss/battery/263_AC Delco PAM-40-0AC 95B26L (65AH).jpg', 'assets/imgs/AC/263_AC_Delco_PAM-40-0AC_95B26L_65AH.jpg', 'https://www.batteryboss.in/battery/ac-delco-pam-40-0ac-95b26l-65ah'),
(109, 'AC Delco PAM-40-AC 55B24LS (45AH)', 'AC', 45, 40, 20, 20, 'https://www.batteryboss.in/assets/images/batteryboss/battery/265_AC Delco PAM-40-AC 55B24LS (45AH).jpg', 'assets/imgs/AC/265_AC_Delco_PAM-40-AC_55B24LS_45AH.jpg', 'https://www.batteryboss.in/battery/ac-delco-pam-40-ac-55b24ls-45ah'),
(110, 'Amaron GO 105D26R', 'Amaron', 72, 48, 24, 24, 'https://www.batteryboss.in/assets/images/batteryboss/battery/26_26_Amaron GO 105D26R.jpg', 'assets/imgs/Amaron/26_26_Amaron_GO_105D26R.jpg', 'https://www.batteryboss.in/battery/amaron-go-105d26r'),
(111, 'Amaron GO 135D31R', 'Amaron', 90, 48, 24, 24, 'https://www.batteryboss.in/assets/images/batteryboss/battery/29_29_Amaron GO 135D31R.jpg', 'assets/imgs/Amaron/29_29_Amaron_GO_135D31R.jpg', 'https://www.batteryboss.in/battery/amaron-go-135d31r'),
(112, 'Amaron FR 650R', 'Amaron', 65, 12, NULL, NULL, 'https://www.batteryboss.in/assets/images/batteryboss/battery/33_33_Amaron-Fresh-FR650-RMF.jpg', 'assets/imgs/Amaron/33_33_Amaron-Fresh-FR650-RMF.jpg', 'https://www.batteryboss.in/battery/amaron-fr-650r'),
(113, 'SF Sonic Flash Start 1800 FS1800 DIN100', 'SF', 100, 60, 30, 30, 'https://www.batteryboss.in/assets/images/batteryboss/battery/46_46_FS1800 DIN100.jpg', 'assets/imgs/SF/46_46_FS1800_DIN100.jpg', 'https://www.batteryboss.in/battery/sf-sonic-flash-start-1800-fs1800-din100'),
(114, 'Exide Matrix Red MTREDDIN90', 'Exide', 90, 66, 36, 30, 'https://www.batteryboss.in/assets/images/batteryboss/battery/102_102_Exide Matrix Red MTREDDIN90.jpg', 'assets/imgs/Exide/102_102_Exide_Matrix_Red_MTREDDIN90.jpg', 'https://www.batteryboss.in/battery/exide-matrix-red-mtreddin90');

-- --------------------------------------------------------

--
-- Table structure for table `cars`
--

CREATE TABLE `cars` (
  `car_id` int(11) NOT NULL,
  `make` varchar(100) NOT NULL,
  `model_variant` varchar(255) NOT NULL
) ENGINE=InnoDB DEFAULT CHARSET=utf8mb4 COLLATE=utf8mb4_unicode_ci;

--
-- Dumping data for table `cars`
--

INSERT INTO `cars` (`car_id`, `make`, `model_variant`) VALUES
(637, 'Aston Martin', 'Aston Martin DB11 Petrol'),
(635, 'Aston Martin', 'Aston Martin Rapide Petrol'),
(636, 'Aston Martin', 'Aston Martin Vanquish Petrol'),
(634, 'Aston Martin', 'Aston Martin Vantage Petrol'),
(462, 'Audi', 'Audi A3 Diesel'),
(463, 'Audi', 'Audi A3 Petrol'),
(465, 'Audi', 'Audi A4 Diesel'),
(464, 'Audi', 'Audi A4 Petrol'),
(477, 'Audi', 'Audi A5 Diesel'),
(466, 'Audi', 'Audi A6 Diesel'),
(467, 'Audi', 'Audi A6 Petrol'),
(468, 'Audi', 'Audi A7 3.0 Diesel'),
(469, 'Audi', 'Audi A8 L Diesel'),
(476, 'Audi', 'Audi A8 L Petrol'),
(481, 'Audi', 'Audi Q3 Petrol'),
(470, 'Audi', 'Audi Q3 Quattro Diesel'),
(472, 'Audi', 'Audi Q5 3.0 Quattro Diesel'),
(471, 'Audi', 'Audi Q5 Petrol'),
(473, 'Audi', 'Audi Q7 3.0 Quattro Diesel'),
(482, 'Audi', 'Audi Q7 3.0 TFSI Quattro Petrol'),
(474, 'Audi', 'Audi Q7 3.5 TDI Quattro Diesel'),
(483, 'Audi', 'Audi Q7 4.0 TFSI Quattro Petrol'),
(484, 'Audi', 'Audi Q7 4.5 TDI Quattro Diesel'),
(475, 'Audi', 'Audi Q7 Petrol'),
(480, 'Audi', 'Audi RS 7 Sportback Petrol'),
(479, 'Audi', 'Audi RS5 Coupe Petrol'),
(478, 'Audi', 'Audi S5 Petrol'),
(632, 'Bentley', 'Bentley Bentayga Petrol'),
(631, 'Bentley', 'Bentley Continental Petrol'),
(633, 'Bentley', 'Bentley Mulsanne Petrol'),
(486, 'BMW', 'BMW 3 Series 320d Diesel'),
(485, 'BMW', 'BMW 3 Series 325i Petrol'),
(504, 'BMW', 'BMW 320i Petrol'),
(505, 'BMW', 'BMW 328d Diesel'),
(487, 'BMW', 'BMW 5 Series 520d Diesel'),
(488, 'BMW', 'BMW 5 Series 520i Petrol'),
(489, 'BMW', 'BMW 5 Series 523i Petrol'),
(490, 'BMW', 'BMW 5 Series 525d Diesel'),
(491, 'BMW', 'BMW 5 Series 530d Diesel'),
(492, 'BMW', 'BMW 5 Series 535i Petrol'),
(493, 'BMW', 'BMW 6 Series 640d Diesel'),
(494, 'BMW', 'BMW 6 Series 650i Petrol'),
(495, 'BMW', 'BMW 7 Series 730Ld Diesel'),
(496, 'BMW', 'BMW 7 Series 740Li Petrol'),
(497, 'BMW', 'BMW 7 Series 750Li Petrol'),
(498, 'BMW', 'BMW 7 Series 760Li Petrol'),
(506, 'BMW', 'BMW 7 Series Hybrid'),
(507, 'BMW', 'BMW GT'),
(508, 'BMW', 'BMW i8'),
(509, 'BMW', 'BMW M3 sedan'),
(510, 'BMW', 'BMW M4 Gran Coupe'),
(511, 'BMW', 'BMW M5 Sedan'),
(512, 'BMW', 'BMW M6 Gran Coupe'),
(503, 'BMW', 'BMW X1 sDrive 18i Petrol'),
(499, 'BMW', 'BMW X1 sDrive 20d Diesel'),
(500, 'BMW', 'BMW X3 xDrive 20d Diesel'),
(513, 'BMW', 'BMW X3 xDrive 25i Petrol'),
(514, 'BMW', 'BMW X3 xDrive 30d Diesel'),
(515, 'BMW', 'BMW X5 xDrive 48i Petrol'),
(516, 'BMW', 'BMW X5 xDrive 50i Petrol'),
(517, 'BMW', 'BMW X6 xDrive 35i Petrol'),
(518, 'BMW', 'BMW X6 xDrive 40d Diesel'),
(501, 'BMW', 'BMW Z4 35i AT Petrol'),
(519, 'BMW', 'BMW Z4 Roadster'),
(502, 'BMW', 'BMW Z4 sDrive 35i Petrol'),
(274, 'Chevrolet', 'Chevrolet Aveo 1.4 Petrol'),
(275, 'Chevrolet', 'Chevrolet Aveo 1.6 Petrol'),
(276, 'Chevrolet', 'Chevrolet Aveo UVA 1.2 Petrol'),
(295, 'Chevrolet', 'Chevrolet Aveo UVA 1.4 Petrol'),
(277, 'Chevrolet', 'Chevrolet Beat Diesel'),
(278, 'Chevrolet', 'Chevrolet Beat Petrol'),
(279, 'Chevrolet', 'Chevrolet Captiva Diesel'),
(280, 'Chevrolet', 'Chevrolet Cruze Diesel'),
(296, 'Chevrolet', 'Chevrolet Enjoy Diesel'),
(281, 'Chevrolet', 'Chevrolet Enjoy Petrol'),
(291, 'Chevrolet', 'Chevrolet Opel Astra Diesel'),
(292, 'Chevrolet', 'Chevrolet Opel Astra Petrol'),
(294, 'Chevrolet', 'Chevrolet Opel Corsa 1.4 Petrol'),
(297, 'Chevrolet', 'Chevrolet Opel Corsa 1.6 Petrol'),
(293, 'Chevrolet', 'Chevrolet Opel Corsa Diesel'),
(298, 'Chevrolet', 'Chevrolet Opel Corsa Petrol'),
(299, 'Chevrolet', 'Chevrolet Opel Swing Petrol'),
(272, 'Chevrolet', 'Chevrolet Opel Vectra Diesel'),
(273, 'Chevrolet', 'Chevrolet Opel Vectra Petrol'),
(282, 'Chevrolet', 'Chevrolet Optra 1.6 Petrol'),
(300, 'Chevrolet', 'Chevrolet Optra 1.8 Petrol'),
(305, 'Chevrolet', 'Chevrolet Optra Elite Petrol'),
(283, 'Chevrolet', 'Chevrolet Optra Magnum Diesel'),
(284, 'Chevrolet', 'Chevrolet Optra Magnum Petrol'),
(301, 'Chevrolet', 'Chevrolet Optra Platnium Petrol'),
(302, 'Chevrolet', 'Chevrolet Optra Royal 1.6 Petrol'),
(285, 'Chevrolet', 'Chevrolet Optra SRV Petrol'),
(287, 'Chevrolet', 'Chevrolet Sail Hatchback Diesel'),
(288, 'Chevrolet', 'Chevrolet Sail Hatchback Petrol'),
(286, 'Chevrolet', 'Chevrolet Sail Sedan Diesel'),
(289, 'Chevrolet', 'Chevrolet Sail Sedan Petrol'),
(290, 'Chevrolet', 'Chevrolet Spark 1.0 Petrol'),
(304, 'Chevrolet', 'Chevrolet SRV Petrol'),
(303, 'Chevrolet', 'Chevrolet Starlite Diesel'),
(608, 'Daewoo', 'Daewoo Cielo Petrol'),
(610, 'Daewoo', 'Daewoo Matiz Petrol'),
(609, 'Daewoo', 'Daewoo Nexia Petrol'),
(336, 'Fiat', 'Fiat Avventura Diesel'),
(337, 'Fiat', 'Fiat Avventura Petrol'),
(338, 'Fiat', 'Fiat Grande Punto 1.2 Petrol'),
(339, 'Fiat', 'Fiat Grande Punto 1.3 Diesel'),
(340, 'Fiat', 'Fiat Grande Punto 1.4 Petrol'),
(341, 'Fiat', 'Fiat Linea 1.3 Diesel'),
(342, 'Fiat', 'Fiat Linea 1.4 Petrol'),
(353, 'Fiat', 'Fiat Linea Diesel'),
(354, 'Fiat', 'Fiat Linea Petrol'),
(343, 'Fiat', 'Fiat Linea TJet Petrol'),
(344, 'Fiat', 'Fiat Palio Adventure 1.6 Petrol'),
(345, 'Fiat', 'Fiat Palio Diesel'),
(346, 'Fiat', 'Fiat Palio Petrol'),
(347, 'Fiat', 'Fiat Petra Diesel'),
(348, 'Fiat', 'Fiat Petra Petrol'),
(349, 'Fiat', 'Fiat Siena Diesel'),
(350, 'Fiat', 'Fiat Siena Petrol'),
(351, 'Fiat', 'Fiat Uno Diesel'),
(352, 'Fiat', 'Fiat Uno Petrol'),
(627, 'Force Motors', 'Force One 2.2L Diesel'),
(306, 'Ford', 'Ford Ecosport Diesel'),
(307, 'Ford', 'Ford Ecosport Petrol'),
(308, 'Ford', 'Ford Endeavour 2.5 Diesel'),
(309, 'Ford', 'Ford Endeavour 3.0 Diesel'),
(326, 'Ford', 'Ford Escort Diesel'),
(325, 'Ford', 'Ford Escort Petrol'),
(310, 'Ford', 'Ford Fiesta Classic 1.4 Diesel'),
(311, 'Ford', 'Ford Fiesta Classic 1.6 Petrol'),
(312, 'Ford', 'Ford Fiesta Diesel'),
(327, 'Ford', 'Ford Fiesta Duro Torq 1.4L Diesel'),
(330, 'Ford', 'Ford Fiesta New Diesel'),
(329, 'Ford', 'Ford Fiesta New Petrol'),
(328, 'Ford', 'Ford Fiesta Old Petrol'),
(313, 'Ford', 'Ford Fiesta Petrol'),
(314, 'Ford', 'Ford Figo 1.2 Petrol'),
(315, 'Ford', 'Ford Figo 1.4 Diesel'),
(316, 'Ford', 'Ford Figo 1.4 Petrol'),
(317, 'Ford', 'Ford Fusion Diesel'),
(318, 'Ford', 'Ford Fusion Petrol'),
(334, 'Ford', 'Ford Ikon 1.3 Flair Petrol'),
(335, 'Ford', 'Ford Ikon 1.4 Durotorq Diesel'),
(333, 'Ford', 'Ford Ikon Diesel'),
(331, 'Ford', 'Ford Ikon iKool Diesel'),
(319, 'Ford', 'Ford Ikon Old Diesel'),
(320, 'Ford', 'Ford Ikon Old Petrol'),
(332, 'Ford', 'Ford Ikon Petrol'),
(321, 'Ford', 'Ford Mondeo Diesel'),
(322, 'Ford', 'Ford Mondeo Petrol'),
(323, 'Ford', 'Ford New Ikon 1.3 Petrol'),
(324, 'Ford', 'Ford New Ikon 1.4 Diesel'),
(590, 'Hindustan Motors', 'H M Ambassador Classic Diesel'),
(591, 'Hindustan Motors', 'H M Ambassador Classic Petrol'),
(158, 'Honda', 'Honda Accord 1.8 Petrol'),
(143, 'Honda', 'Honda Accord 2.4 Petrol'),
(159, 'Honda', 'Honda Accord 3.0 Petrol'),
(144, 'Honda', 'Honda Accord 3.5 Petrol'),
(145, 'Honda', 'Honda Amaze 1.2 i-vtec Petrol'),
(146, 'Honda', 'Honda Amaze 1.5 i-dtec Diesel'),
(156, 'Honda', 'Honda BR-V-Diesel'),
(157, 'Honda', 'Honda BR-V-Petrol'),
(147, 'Honda', 'Honda Brio Petrol'),
(148, 'Honda', 'Honda City CNG'),
(149, 'Honda', 'Honda City Diesel'),
(162, 'Honda', 'Honda City Dolphin Petrol'),
(163, 'Honda', 'Honda City i-dtec Diesel'),
(160, 'Honda', 'Honda City i-vtec Petrol'),
(150, 'Honda', 'Honda City Petrol'),
(161, 'Honda', 'Honda City Zxi Petrol'),
(151, 'Honda', 'Honda Civic 1.8 Petrol'),
(152, 'Honda', 'Honda CR-V Petrol'),
(165, 'Honda', 'Honda Jazz Diesel'),
(153, 'Honda', 'Honda Jazz Petrol'),
(154, 'Honda', 'Honda Mobilio Diesel'),
(155, 'Honda', 'Honda Mobilio Petrol'),
(164, 'Honda', 'Honda WR-V Petrol'),
(74, 'Hyundai', 'Hyundai Accent Diesel'),
(75, 'Hyundai', 'Hyundai Accent Petrol'),
(117, 'Hyundai', 'Hyundai Creta Diesel'),
(116, 'Hyundai', 'Hyundai Creta Petrol'),
(128, 'Hyundai', 'Hyundai Elantra 1.6 SX AT Diesel'),
(129, 'Hyundai', 'Hyundai Elantra 1.6 SX Petrol'),
(76, 'Hyundai', 'Hyundai Elantra Diesel'),
(77, 'Hyundai', 'Hyundai Elantra Petrol'),
(78, 'Hyundai', 'Hyundai EON CNG'),
(79, 'Hyundai', 'Hyundai EON Petrol'),
(142, 'Hyundai', 'Hyundai EXTER PETROL'),
(80, 'Hyundai', 'Hyundai Fluidic Verna Diesel'),
(81, 'Hyundai', 'Hyundai Fluidic Verna Petrol'),
(130, 'Hyundai', 'Hyundai Getz 1.1 Diesel'),
(131, 'Hyundai', 'Hyundai Getz 1.1 Petrol'),
(132, 'Hyundai', 'Hyundai Getz 1.3 Diesel'),
(82, 'Hyundai', 'Hyundai Getz 1.3 Petrol'),
(133, 'Hyundai', 'Hyundai Getz 1.4 Petrol'),
(134, 'Hyundai', 'Hyundai Getz GLS Petrol'),
(83, 'Hyundai', 'Hyundai Getz Prime 1.1 Petrol'),
(84, 'Hyundai', 'Hyundai Grand i10 1.2 Petrol'),
(85, 'Hyundai', 'Hyundai Grand i10 Diesel'),
(86, 'Hyundai', 'Hyundai i10 1.1 Petrol'),
(137, 'Hyundai', 'Hyundai i10 1.2 Petrol'),
(136, 'Hyundai', 'Hyundai i10 Astra Petrol'),
(87, 'Hyundai', 'Hyundai i10 Era Petrol'),
(88, 'Hyundai', 'Hyundai i10 Magna 1.1 iTech Petrol'),
(89, 'Hyundai', 'Hyundai i10 Magna 1.1 Petrol'),
(90, 'Hyundai', 'Hyundai i10 Magna LPG'),
(91, 'Hyundai', 'Hyundai i10 Sportz 1.1 Petrol'),
(92, 'Hyundai', 'Hyundai i10 Sportz 1.1L LPG'),
(121, 'Hyundai', 'Hyundai i20 Active Diesel'),
(119, 'Hyundai', 'Hyundai i20 Active Petrol'),
(93, 'Hyundai', 'Hyundai i20 Asta Diesel'),
(94, 'Hyundai', 'Hyundai i20 Asta Petrol'),
(120, 'Hyundai', 'Hyundai i20 Elite Diesel'),
(118, 'Hyundai', 'Hyundai i20 Elite Petrol'),
(95, 'Hyundai', 'Hyundai I20 Era Diesel'),
(96, 'Hyundai', 'Hyundai I20 Era Petrol'),
(135, 'Hyundai', 'Hyundai i20 Facelift Petrol'),
(97, 'Hyundai', 'Hyundai i20 Magna Diesel'),
(98, 'Hyundai', 'Hyundai i20 Magna Petrol'),
(99, 'Hyundai', 'Hyundai i20 Sportz Diesel'),
(122, 'Hyundai', 'Hyundai i20 Sportz Petrol (After 2015)'),
(100, 'Hyundai', 'Hyundai i20 Sportz Petrol (Before 2015)'),
(101, 'Hyundai', 'Hyundai Neo Fluidic Elantra 1.6 Diesel'),
(102, 'Hyundai', 'Hyundai Neo Fluidic Elantra 1.6 S Petrol'),
(103, 'Hyundai', 'Hyundai Santa Fe Diesel'),
(104, 'Hyundai', 'Hyundai Santro Petrol'),
(105, 'Hyundai', 'Hyundai Sonata Embera Diesel'),
(106, 'Hyundai', 'Hyundai Sonata Embera Petrol'),
(107, 'Hyundai', 'Hyundai Sonata Transform Diesel'),
(108, 'Hyundai', 'Hyundai Sonata Transform Petrol'),
(109, 'Hyundai', 'Hyundai Terracan CRDi Diesel'),
(127, 'Hyundai', 'Hyundai Tucson Diesel'),
(140, 'Hyundai', 'Hyundai Tucson petrol'),
(141, 'Hyundai', 'Hyundai Venue Diesel'),
(139, 'Hyundai', 'Hyundai Venue Petrol'),
(110, 'Hyundai', 'Hyundai Verna 1.4 Diesel'),
(111, 'Hyundai', 'Hyundai Verna 1.4 Petrol'),
(112, 'Hyundai', 'Hyundai Verna 1.6 Diesel'),
(113, 'Hyundai', 'Hyundai Verna 1.6 Petrol'),
(138, 'Hyundai', 'Hyundai Verna 1.6 S Petrol {After 2017}'),
(125, 'Hyundai', 'Hyundai Verna 1.6 VTVT Diesel'),
(124, 'Hyundai', 'Hyundai Verna 1.6 VTVT Petrol'),
(126, 'Hyundai', 'Hyundai Verna CRDi Diesel {After 2017} - Next Gen'),
(123, 'Hyundai', 'Hyundai Verna Petrol (Before 2010)'),
(114, 'Hyundai', 'Hyundai Xcent 1.1 CRDi Diesel'),
(115, 'Hyundai', 'Hyundai Xcent 1.2 Petrol'),
(617, 'ICML', 'ICML Delite Diesel'),
(621, 'ICML', 'ICML Extreme Diesel'),
(618, 'ICML', 'ICML Rhino Diesel'),
(619, 'ICML', 'ICML Winner Diesel'),
(620, 'ICML', 'ICML Xcitor Diesel'),
(564, 'Jaguar', 'Jaguar E Pace Diesel'),
(563, 'Jaguar', 'Jaguar F Type Petrol'),
(561, 'Jaguar', 'Jaguar F-Pace Diesel'),
(559, 'Jaguar', 'Jaguar XE Diesel'),
(566, 'Jaguar', 'Jaguar XF Diesel'),
(560, 'Jaguar', 'Jaguar XF Petrol'),
(562, 'Jaguar', 'Jaguar XJ Diesel'),
(565, 'Jaguar', 'Jaguar XJ Petrol'),
(586, 'JEEP', 'Jeep Compass Limited Diesel'),
(585, 'JEEP', 'Jeep Compass Limited Petrol'),
(584, 'JEEP', 'Jeep Compass Longitude Diesel'),
(583, 'JEEP', 'Jeep Compass Sport Diesel'),
(581, 'JEEP', 'Jeep Compass Sport Petrol'),
(588, 'JEEP', 'Jeep Grand Cherokee Diesel'),
(589, 'JEEP', 'Jeep Grand Cherokee SRT Diesel'),
(582, 'JEEP', 'Jeep Wrangler Unlimited Diesel'),
(587, 'JEEP', 'Jeep Wrangler Unlimited Petrol'),
(5, 'KIA', 'KIA Carens Diesel'),
(3, 'KIA', 'KIA Seltos HTE Diesel'),
(2, 'KIA', 'KIA Seltos HTE petrol'),
(4, 'KIA', 'KIA Seltos HTK Diesel'),
(1, 'KIA', 'KIA Seltos HTK petrol'),
(6, 'KIA', 'KIA Sonet Petrol'),
(630, 'Lamborghini', 'Lamborghini Aventador Petrol'),
(629, 'Lamborghini', 'Lamborghini Huracan Petrol'),
(628, 'Lamborghini', 'Lamborghini Urus Petrol'),
(576, 'Land Rover', 'Land Rover Discovery Diesel'),
(574, 'Land Rover', 'Land Rover Discovery Sport Diesel'),
(575, 'Land Rover', 'Land Rover Range Rover Evouqe Petrol'),
(579, 'Land Rover', 'Land Rover Range Rover Petrol'),
(578, 'Land Rover', 'Land Rover Range Rover Sport Petrol'),
(577, 'Land Rover', 'Land Rover Range Rover Velar Petrol'),
(580, 'Land Rover', 'Land Rover VELAR D180 Diesel'),
(612, 'Lexus', 'Lexus ES Petrol'),
(614, 'Lexus', 'Lexus LS Petrol'),
(615, 'Lexus', 'Lexus LX Diesel'),
(611, 'Lexus', 'Lexus NX Petrol'),
(613, 'Lexus', 'Lexus RX Petrol'),
(616, 'Lexus', 'Lexus UX Diesel'),
(425, 'Mahindra', 'MAHINDRA ALTURAS G4'),
(405, 'Mahindra', 'Mahindra Armada Diesel'),
(406, 'Mahindra', 'Mahindra Army Range 500XD Diesel'),
(383, 'Mahindra', 'Mahindra Bolero Camper Diesel'),
(407, 'Mahindra', 'Mahindra Bolero Diesel'),
(408, 'Mahindra', 'Mahindra Bolero Hybrid Diesel'),
(384, 'Mahindra', 'Mahindra Bolero Invader Diesel'),
(385, 'Mahindra', 'Mahindra Bolero New Diesel'),
(386, 'Mahindra', 'Mahindra Bolero Old'),
(387, 'Mahindra', 'Mahindra Classic Jeep Diesel'),
(409, 'Mahindra', 'Mahindra Commander Jeep Diesel'),
(410, 'Mahindra', 'Mahindra Genio Diesel'),
(402, 'Mahindra', 'Mahindra KUV 100 ESS Diesel'),
(403, 'Mahindra', 'Mahindra KUV 100 ESS Petrol'),
(411, 'Mahindra', 'Mahindra Logan 1.4 Petrol'),
(413, 'Mahindra', 'Mahindra Logan Diesel'),
(414, 'Mahindra', 'Mahindra Logan Petrol'),
(412, 'Mahindra', 'Mahindra Logan Petrol (Old Model)'),
(422, 'Mahindra', 'Mahindra Marazzo Diesel'),
(415, 'Mahindra', 'Mahindra Marshal Diesel'),
(416, 'Mahindra', 'Mahindra Maxximo Diesel'),
(417, 'Mahindra', 'Mahindra Pick-up CL500 Diesel'),
(388, 'Mahindra', 'Mahindra Quanto Diesel'),
(418, 'Mahindra', 'Mahindra Quanto Micro Hybrid Diesel'),
(389, 'Mahindra', 'Mahindra Renault Logan 1.4 Petrol'),
(390, 'Mahindra', 'Mahindra Renault Logan 1.5 Diesel'),
(391, 'Mahindra', 'Mahindra Scorpio M2di Diesel'),
(392, 'Mahindra', 'Mahindra Scorpio Micro Hybrid Diesel'),
(393, 'Mahindra', 'Mahindra Scorpio Vlx Diesel'),
(419, 'Mahindra', 'Mahindra Ssangyong Rexton Diesel'),
(394, 'Mahindra', 'Mahindra Thar 4X4 Diesel'),
(404, 'Mahindra', 'Mahindra TUV 300 Diesel'),
(420, 'Mahindra', 'Mahindra TUV500 Diesel'),
(395, 'Mahindra', 'Mahindra Verito 1.4 Petrol'),
(396, 'Mahindra', 'Mahindra Verito 1.5 Diesel'),
(397, 'Mahindra', 'Mahindra Verito Vibe Diesel'),
(421, 'Mahindra', 'Mahindra Verito Vibe Petrol'),
(398, 'Mahindra', 'Mahindra Voyager Diesel'),
(429, 'Mahindra', 'Mahindra XUV 3XO Diesel'),
(428, 'Mahindra', 'Mahindra XUV 3XO Petrol'),
(399, 'Mahindra', 'Mahindra XUV 500 Diesel'),
(424, 'Mahindra', 'Mahindra XUV300'),
(423, 'Mahindra', 'Mahindra XUV500 Hybrid'),
(426, 'Mahindra', 'MAHINDRA XUV700 Diesel'),
(427, 'Mahindra', 'MAHINDRA XUV700 Petrol'),
(400, 'Mahindra', 'Mahindra Xylo D2 Diesel'),
(401, 'Mahindra', 'Mahindra Xylo E2 Diesel'),
(72, 'Maruti Suzuki', 'Maruti Baleno RS Petrol (2019) - RXZ'),
(11, 'Maruti Suzuki', 'Maruti Gypsy 1000'),
(12, 'Maruti Suzuki', 'Maruti Suzuki 1000'),
(13, 'Maruti Suzuki', 'Maruti Suzuki 800 STD'),
(14, 'Maruti Suzuki', 'Maruti Suzuki A Star Petrol'),
(15, 'Maruti Suzuki', 'Maruti Suzuki Alto 800 CNG'),
(16, 'Maruti Suzuki', 'Maruti Suzuki Alto 800 Petrol'),
(53, 'Maruti Suzuki', 'Maruti Suzuki Alto CNG'),
(17, 'Maruti Suzuki', 'Maruti Suzuki Alto K10 CNG'),
(18, 'Maruti Suzuki', 'Maruti Suzuki Alto K10 Petrol'),
(52, 'Maruti Suzuki', 'Maruti Suzuki Alto Petrol'),
(19, 'Maruti Suzuki', 'Maruti Suzuki Alto STD Petrol'),
(20, 'Maruti Suzuki', 'Maruti Suzuki Baleno Altura Petrol'),
(21, 'Maruti Suzuki', 'Maruti Suzuki Baleno Automatic Petrol'),
(54, 'Maruti Suzuki', 'Maruti Suzuki Baleno DDiS Diesel'),
(22, 'Maruti Suzuki', 'Maruti Suzuki Celerio CNG'),
(23, 'Maruti Suzuki', 'Maruti Suzuki Celerio Diesel'),
(24, 'Maruti Suzuki', 'Maruti Suzuki Celerio Petrol'),
(26, 'Maruti Suzuki', 'Maruti Suzuki Ciaz 1.3 Diesel'),
(67, 'Maruti Suzuki', 'Maruti Suzuki Ciaz 1.5 Diesel'),
(25, 'Maruti Suzuki', 'Maruti Suzuki Ciaz CNG'),
(55, 'Maruti Suzuki', 'Maruti Suzuki Ciaz Diesel (SHVS)'),
(27, 'Maruti Suzuki', 'Maruti Suzuki Ciaz Petrol'),
(30, 'Maruti Suzuki', 'Maruti Suzuki Eeco Petrol'),
(31, 'Maruti Suzuki', 'Maruti Suzuki Ertiga Diesel'),
(32, 'Maruti Suzuki', 'Maruti Suzuki Ertiga Petrol'),
(58, 'Maruti Suzuki', 'Maruti Suzuki Ertiga SHVS Diesel'),
(71, 'Maruti Suzuki', 'Maruti Suzuki Ertiga SHVS Petrol'),
(34, 'Maruti Suzuki', 'Maruti Suzuki Esteem AX'),
(33, 'Maruti Suzuki', 'Maruti Suzuki Esteem Petrol'),
(35, 'Maruti Suzuki', 'Maruti Suzuki Estilo Petrol'),
(36, 'Maruti Suzuki', 'Maruti Suzuki Grand Vitara Petrol'),
(68, 'Maruti Suzuki', 'Maruti Suzuki Ignis Diesel'),
(59, 'Maruti Suzuki', 'Maruti Suzuki Ignis Petrol'),
(37, 'Maruti Suzuki', 'Maruti Suzuki Kizashi Petrol'),
(63, 'Maruti Suzuki', 'Maruti Suzuki New Baleno Diesel'),
(62, 'Maruti Suzuki', 'Maruti Suzuki New Baleno Petrol'),
(61, 'Maruti Suzuki', 'Maruti Suzuki New Swift Diesel'),
(60, 'Maruti Suzuki', 'Maruti Suzuki New Swift Petrol'),
(38, 'Maruti Suzuki', 'Maruti Suzuki Omni Petrol'),
(39, 'Maruti Suzuki', 'Maruti Suzuki Ritz Diesel'),
(40, 'Maruti Suzuki', 'Maruti Suzuki Ritz Petrol'),
(49, 'Maruti Suzuki', 'Maruti Suzuki S Cross 1.3L Diesel'),
(50, 'Maruti Suzuki', 'Maruti Suzuki S Cross 1.6L Diesel'),
(70, 'Maruti Suzuki', 'Maruti Suzuki S Presso Petrol'),
(69, 'Maruti Suzuki', 'Maruti Suzuki S-Cross SHVS'),
(41, 'Maruti Suzuki', 'Maruti Suzuki Swift Diesel'),
(28, 'Maruti Suzuki', 'Maruti Suzuki Swift Dzire 1.2L Diesel'),
(29, 'Maruti Suzuki', 'Maruti Suzuki Swift Dzire 1.3L Petrol'),
(56, 'Maruti Suzuki', 'Maruti Suzuki Swift Dzire Tour Diesel'),
(57, 'Maruti Suzuki', 'Maruti Suzuki Swift Dzire VDI Diesel (2016 Model)'),
(42, 'Maruti Suzuki', 'Maruti Suzuki Swift Petrol'),
(65, 'Maruti Suzuki', 'Maruti Suzuki Swift Petrol Before 2011'),
(10, 'Maruti Suzuki', 'Maruti Suzuki SX4 Automatic (AT) Petrol'),
(43, 'Maruti Suzuki', 'Maruti Suzuki SX4 Diesel'),
(44, 'Maruti Suzuki', 'Maruti Suzuki SX4 Petrol'),
(45, 'Maruti Suzuki', 'Maruti Suzuki Versa Petrol'),
(51, 'Maruti Suzuki', 'Maruti Suzuki Vitara Brezza Diesel'),
(46, 'Maruti Suzuki', 'Maruti Suzuki WagonR Petrol'),
(64, 'Maruti Suzuki', 'Maruti Suzuki WagonR Stingray Petrol'),
(73, 'Maruti Suzuki', 'Maruti Suzuki XL6 Hybrid'),
(47, 'Maruti Suzuki', 'Maruti Suzuki Zen Diesel'),
(66, 'Maruti Suzuki', 'Maruti Suzuki Zen Estilo Petrol'),
(48, 'Maruti Suzuki', 'Maruti Suzuki Zen Petrol'),
(622, 'Maserati', 'Maserati Ghibli Diesel'),
(626, 'Maserati', 'Maserati Gran Cabrio Petrol'),
(625, 'Maserati', 'Maserati Gran Turismo Petrol'),
(623, 'Maserati', 'Maserati Levante Diesel'),
(624, 'Maserati', 'Maserati Quattroporte Petrol'),
(544, 'Mercedes-Benz', 'Mercedes Benz 100 Diesel'),
(545, 'Mercedes-Benz', 'Mercedes Benz 100 Petrol'),
(542, 'Mercedes-Benz', 'Mercedes Benz 140 Diesel'),
(543, 'Mercedes-Benz', 'Mercedes Benz 140 Petrol'),
(546, 'Mercedes-Benz', 'Mercedes Benz A Class A180 CDI'),
(536, 'Mercedes-Benz', 'Mercedes Benz A Class A180 Sports Automatic'),
(537, 'Mercedes-Benz', 'Mercedes Benz B Class B180'),
(549, 'Mercedes-Benz', 'Mercedes Benz B Class B200'),
(533, 'Mercedes-Benz', 'Mercedes Benz C Class C 200 CDI'),
(535, 'Mercedes-Benz', 'Mercedes Benz C Class C230 Petrol'),
(520, 'Mercedes-Benz', 'Mercedes Benz C Class C250 CDI'),
(534, 'Mercedes-Benz', 'Mercedes Benz C Class Kompressor'),
(521, 'Mercedes-Benz', 'Mercedes Benz C Class Petrol'),
(522, 'Mercedes-Benz', 'Mercedes Benz C200 CDi Petrol'),
(550, 'Mercedes-Benz', 'Mercedes Benz CLA 200'),
(523, 'Mercedes-Benz', 'Mercedes Benz E Class E250 Diesel'),
(524, 'Mercedes-Benz', 'Mercedes Benz E Class E250 Petrol'),
(552, 'Mercedes-Benz', 'Mercedes Benz E Class E280 Petrol'),
(525, 'Mercedes-Benz', 'Mercedes Benz E220 CDi'),
(547, 'Mercedes-Benz', 'Mercedes Benz E270 Diesel'),
(526, 'Mercedes-Benz', 'Mercedes Benz E350 Cabriolet'),
(553, 'Mercedes-Benz', 'Mercedes Benz E350 Coupe Petrol'),
(541, 'Mercedes-Benz', 'Mercedes Benz GL Class 350 CDI 4Matic Diesel'),
(527, 'Mercedes-Benz', 'Mercedes Benz GL Class 350 Diesel'),
(548, 'Mercedes-Benz', 'Mercedes Benz GL Class 500 Diesel'),
(551, 'Mercedes-Benz', 'Mercedes Benz GLA'),
(540, 'Mercedes-Benz', 'Mercedes Benz M Class ML270 CDI'),
(528, 'Mercedes-Benz', 'Mercedes Benz M Class ML320 Diesel'),
(539, 'Mercedes-Benz', 'Mercedes Benz M Class ML350 4Matic Petrol'),
(529, 'Mercedes-Benz', 'Mercedes Benz New M Class ML 350 Petrol'),
(538, 'Mercedes-Benz', 'Mercedes Benz R Class Diesel'),
(530, 'Mercedes-Benz', 'Mercedes Benz S Class 350 Diesel'),
(531, 'Mercedes-Benz', 'Mercedes Benz S Class S350 L Petrol'),
(532, 'Mercedes-Benz', 'Mercedes Benz S Class S500'),
(9, 'MG', 'MG Gloster'),
(8, 'MG', 'MG HECTOR Diesel'),
(7, 'MG', 'MG HECTOR Petrol'),
(600, 'Mitsubishi', 'Mitsubishi Cedia 2.0 Petrol'),
(601, 'Mitsubishi', 'Mitsubishi Lancer Diesel'),
(602, 'Mitsubishi', 'Mitsubishi Lancer Petrol'),
(607, 'Mitsubishi', 'Mitsubishi Lancer Petrol Automatic'),
(603, 'Mitsubishi', 'Mitsubishi Montero 3.2 Diesel'),
(604, 'Mitsubishi', 'Mitsubishi Outlander Automatic Petrol'),
(605, 'Mitsubishi', 'Mitsubishi Outlander Diesel'),
(606, 'Mitsubishi', 'Mitsubishi Pajero 4X4 Diesel'),
(439, 'Nissan', 'Nissan Datsun GO Petrol'),
(440, 'Nissan', 'Nissan Datsun GO Plus Petrol'),
(430, 'Nissan', 'Nissan Evalia Diesel'),
(445, 'Nissan', 'Nissan Kicks Diesel'),
(444, 'Nissan', 'Nissan Magnite Petrol'),
(432, 'Nissan', 'Nissan Micra 1.2L Petrol'),
(441, 'Nissan', 'Nissan Micra 1.5L (Old) Diesel'),
(431, 'Nissan', 'Nissan Micra 1.5L Diesel'),
(442, 'Nissan', 'Nissan Micra XV CVT Automatic'),
(433, 'Nissan', 'Nissan Sunny 1.5L Diesel'),
(434, 'Nissan', 'Nissan Sunny 1.5L Petrol'),
(443, 'Nissan', 'Nissan Teana 2.2 Petrol'),
(435, 'Nissan', 'Nissan Teana 250XL Petrol'),
(436, 'Nissan', 'Nissan Terrano Diesel'),
(437, 'Nissan', 'Nissan Terrano Petrol'),
(438, 'Nissan', 'Nissan X Trail Diesel'),
(555, 'Porsche', 'Porsche 718 Petrol'),
(557, 'Porsche', 'Porsche 911 Petrol'),
(556, 'Porsche', 'Porsche Cayenne Petrol'),
(554, 'Porsche', 'Porsche Macan Petrol'),
(558, 'Porsche', 'Porsche Panamera Petrol'),
(592, 'Premier', 'Premier Padmini Diesel'),
(593, 'Premier', 'Premier Padmini Petrol'),
(594, 'Premier', 'Premier Rio 1.2L Diesel'),
(595, 'Premier', 'Premier Rio 1.5L Diesel'),
(596, 'Premier', 'Premier Sigma Express'),
(597, 'Premier', 'Premier Sigma Lifeline'),
(598, 'Premier', 'Premier Sigma School Van'),
(599, 'Premier', 'Premier Sigma Tourist'),
(457, 'Renault', 'Renault Captur Diesel'),
(456, 'Renault', 'Renault Captur Petrol'),
(458, 'Renault', 'Renault Duster - 85 BHP diesel'),
(459, 'Renault', 'Renault Duster 1.5 Petrol'),
(446, 'Renault', 'Renault Duster-BHP-110PS diesel'),
(447, 'Renault', 'Renault Fluence 1.5 Diesel'),
(448, 'Renault', 'Renault Fluence 2.0 Petrol'),
(461, 'Renault', 'Renault Kiger Petrol'),
(449, 'Renault', 'Renault Koleos'),
(454, 'Renault', 'Renault Kwid'),
(455, 'Renault', 'Renault Lodgy'),
(451, 'Renault', 'Renault Pulse 1.2L Petrol'),
(450, 'Renault', 'Renault Pulse Diesel'),
(452, 'Renault', 'Renault Scala Diesel'),
(453, 'Renault', 'Renault Scala Petrol'),
(460, 'Renault', 'RENAULT TRIBER Petrol'),
(260, 'Skoda', 'Skoda Combi Diesel'),
(246, 'Skoda', 'Skoda Fabia Ambiente 1.2 Petrol'),
(247, 'Skoda', 'Skoda Fabia Ambiente 1.4 Diesel'),
(261, 'Skoda', 'Skoda Fabia Classic 1.2 Petrol'),
(262, 'Skoda', 'Skoda Fabia Classic 1.4 Diesel'),
(263, 'Skoda', 'Skoda Laura 2.0 TDI Diesel'),
(248, 'Skoda', 'Skoda Laura Ambiente 1.8 Petrol'),
(249, 'Skoda', 'Skoda Laura Ambiente 2.0 Petrol'),
(250, 'Skoda', 'Skoda Laura Ambiente1.9 Diesel'),
(251, 'Skoda', 'Skoda Laura Elegance 1.9 Diesel'),
(264, 'Skoda', 'Skoda Octavia 1.8L Turbo Petrol'),
(265, 'Skoda', 'Skoda Octavia 2.0 Turbo Petrol'),
(252, 'Skoda', 'Skoda Octavia Diesel'),
(266, 'Skoda', 'Skoda Octavia L K 1.9L TDI Diesel'),
(253, 'Skoda', 'Skoda Octavia Petrol'),
(267, 'Skoda', 'Skoda Octavia Rally Sport Petrol'),
(268, 'Skoda', 'Skoda Octavia Rider 1.8L Petrol'),
(269, 'Skoda', 'Skoda Octavia Rider 1.9L TDI Diesel'),
(270, 'Skoda', 'Skoda Octavia Rider Classic 1.9 TDI Diesel'),
(255, 'Skoda', 'Skoda Rapid 1.6 Diesel'),
(254, 'Skoda', 'Skoda Rapid 1.6 Petrol'),
(256, 'Skoda', 'Skoda Superb 1.8 Petrol'),
(257, 'Skoda', 'Skoda Superb 2.0 Diesel'),
(258, 'Skoda', 'Skoda Superb 3.6 Petrol'),
(259, 'Skoda', 'Skoda Yeti 2.0 Diesel'),
(271, 'Skoda', 'Skoda Yeti Petrol'),
(190, 'Tata Motors', 'Tata Aria Diesel'),
(191, 'Tata Motors', 'Tata Bolt Diesel'),
(192, 'Tata Motors', 'Tata Bolt Petrol'),
(245, 'Tata Motors', 'Tata Curvv EV Petrol'),
(244, 'Tata Motors', 'TATA Harrier Diesel'),
(214, 'Tata Motors', 'Tata Hexa Diesel'),
(215, 'Tata Motors', 'Tata Indica CAB Diesel'),
(216, 'Tata Motors', 'Tata Indica CRDI Diesel'),
(217, 'Tata Motors', 'Tata Indica DLE Diesel'),
(193, 'Tata Motors', 'Tata Indica eV2 Diesel'),
(194, 'Tata Motors', 'Tata Indica V2 Diesel'),
(195, 'Tata Motors', 'Tata Indica Vista Aqua Diesel'),
(218, 'Tata Motors', 'Tata Indica Vista Aura Diesel'),
(219, 'Tata Motors', 'Tata Indica Vista LX TDI Diesel'),
(196, 'Tata Motors', 'Tata Indica Vista Petrol'),
(220, 'Tata Motors', 'Tata Indica Vista Qudrajet Diesel'),
(221, 'Tata Motors', 'Tata Indica Vista Sapphire Petrol'),
(222, 'Tata Motors', 'Tata Indica Vista Teera Diesel'),
(223, 'Tata Motors', 'Tata Indica Vista V2 Diesel'),
(224, 'Tata Motors', 'Tata Indica Vista V2 LS Diesel'),
(225, 'Tata Motors', 'Tata Indica Vista VX Diesel'),
(197, 'Tata Motors', 'Tata Indica Xeta Petrol'),
(198, 'Tata Motors', 'Tata Indigo CS Diesel'),
(226, 'Tata Motors', 'Tata Indigo CS eLX Diesel'),
(199, 'Tata Motors', 'Tata Indigo CS Petrol'),
(200, 'Tata Motors', 'Tata Indigo Diesel'),
(227, 'Tata Motors', 'Tata Indigo eCS Diesel'),
(228, 'Tata Motors', 'Tata Indigo Manza Aqua Diesel'),
(229, 'Tata Motors', 'Tata Indigo Manza Aqua Petrol'),
(201, 'Tata Motors', 'Tata Indigo Manza Diesel'),
(202, 'Tata Motors', 'Tata Indigo Manza Petrol'),
(230, 'Tata Motors', 'Tata Indigo Manza Quadrajet Diesel'),
(231, 'Tata Motors', 'Tata Indigo Marina CRDI Diesel'),
(203, 'Tata Motors', 'Tata Indigo Marina Diesel'),
(204, 'Tata Motors', 'Tata Indigo Marina Petrol'),
(189, 'Tata Motors', 'Tata Indigo Petrol'),
(232, 'Tata Motors', 'Tata Indigo XL Petrol'),
(235, 'Tata Motors', 'Tata Movus Diesel'),
(205, 'Tata Motors', 'Tata Nano Petrol'),
(243, 'Tata Motors', 'Tata Nexon Diesel'),
(242, 'Tata Motors', 'Tata Nexon Petrol'),
(206, 'Tata Motors', 'Tata Safari Dicor Diesel'),
(207, 'Tata Motors', 'Tata Safari Storme Diesel'),
(208, 'Tata Motors', 'Tata Sierra Diesel'),
(236, 'Tata Motors', 'Tata Spacio Diesel'),
(209, 'Tata Motors', 'Tata Sumo Diesel'),
(237, 'Tata Motors', 'Tata Sumo Gold Diesel'),
(238, 'Tata Motors', 'Tata Sumo Grande Diesel'),
(239, 'Tata Motors', 'Tata Tiago Diesel'),
(240, 'Tata Motors', 'Tata Tiago Petrol'),
(233, 'Tata Motors', 'Tata Tigor Diesel'),
(234, 'Tata Motors', 'Tata Tigor Petrol'),
(210, 'Tata Motors', 'Tata Venture Diesel'),
(211, 'Tata Motors', 'Tata Winger Diesel'),
(241, 'Tata Motors', 'Tata Xenon CRDI Diesel'),
(212, 'Tata Motors', 'Tata Zest Diesel'),
(213, 'Tata Motors', 'Tata Zest Petrol'),
(356, 'Toyota', 'Toyota Camry Petrol'),
(357, 'Toyota', 'Toyota Corolla Altis Diesel'),
(358, 'Toyota', 'Toyota Corolla Altis Petrol'),
(355, 'Toyota', 'Toyota Corolla Petrol'),
(359, 'Toyota', 'Toyota Etios Diesel'),
(360, 'Toyota', 'Toyota Etios Liva Diesel'),
(361, 'Toyota', 'Toyota Etios Liva Petrol'),
(362, 'Toyota', 'Toyota Etios Petrol'),
(373, 'Toyota', 'Toyota Fortuner 2017 Diesel'),
(363, 'Toyota', 'Toyota Fortuner D4 Diesel'),
(377, 'Toyota', 'Toyota Glanza CNG'),
(382, 'Toyota', 'Toyota Glanza G Smart Hybrid Battery'),
(376, 'Toyota', 'Toyota Glanza Petrol'),
(375, 'Toyota', 'Toyota Innova Crysta Diesel'),
(364, 'Toyota', 'Toyota Innova Diesel'),
(380, 'Toyota', 'TOYOTA Innova Hycross (Hybrid Electric) (Petrol) Battery'),
(365, 'Toyota', 'Toyota Innova Petrol'),
(366, 'Toyota', 'Toyota Land Cruiser Prado 3.0 Diesel'),
(367, 'Toyota', 'Toyota Land Cruiser Prado 4.0 Petrol'),
(368, 'Toyota', 'Toyota Land Cruiser Prado 4.5 Diesel'),
(374, 'Toyota', 'Toyota Lexus Diesel'),
(369, 'Toyota', 'Toyota New Innova Special Edition Diesel'),
(370, 'Toyota', 'Toyota Prius 1.8 Petrol'),
(371, 'Toyota', 'Toyota Qualis Diesel'),
(372, 'Toyota', 'Toyota Qualis Petrol'),
(381, 'Toyota', 'Toyota Urban Cruiser Hyryder'),
(379, 'Toyota', 'Toyota Yaris Petrol (Automatic)'),
(378, 'Toyota', 'Toyota Yaris Petrol (Manual)'),
(180, 'Volkswagen', 'Volkswagen Ameo 1.2 L MPI'),
(181, 'Volkswagen', 'Volkswagen Ameo 1.5 Diesel'),
(166, 'Volkswagen', 'Volkswagen Beetle 2.0L Petrol'),
(168, 'Volkswagen', 'Volkswagen Jetta 1.4L Petrol'),
(186, 'Volkswagen', 'Volkswagen Jetta 1.6L Petrol'),
(167, 'Volkswagen', 'Volkswagen Jetta Diesel Old'),
(169, 'Volkswagen', 'Volkswagen Passat Diesel'),
(182, 'Volkswagen', 'Volkswagen Passat Hybrid'),
(170, 'Volkswagen', 'Volkswagen Passat Petrol'),
(171, 'Volkswagen', 'Volkswagen Phaeton 3.6 V6'),
(172, 'Volkswagen', 'Volkswagen Polo 1.2 Diesel'),
(173, 'Volkswagen', 'Volkswagen Polo 1.2 Petrol'),
(187, 'Volkswagen', 'Volkswagen Polo 1.5 Diesel'),
(174, 'Volkswagen', 'Volkswagen Polo 1.6 Petrol'),
(188, 'Volkswagen', 'Volkswagen Tiguan 2.0 Diesel'),
(175, 'Volkswagen', 'Volkswagen Touareg 3.0 V6 TDI'),
(183, 'Volkswagen', 'Volkswagen Vento 1.2 Diesel'),
(184, 'Volkswagen', 'Volkswagen Vento 1.2 Petrol'),
(185, 'Volkswagen', 'Volkswagen Vento 1.6 AT HighLine Petrol'),
(176, 'Volkswagen', 'Volkswagen Vento 1.6 Diesel'),
(177, 'Volkswagen', 'Volkswagen Vento 1.6 MPI Highline'),
(178, 'Volkswagen', 'Volkswagen Vento 1.6 Petrol'),
(179, 'Volkswagen', 'Volkswagen Vento Old'),
(570, 'Volvo', 'Volvo S60 Cross Country Diesel'),
(567, 'Volvo', 'Volvo S60 Diesel'),
(568, 'Volvo', 'Volvo S60 Petrol'),
(569, 'Volvo', 'Volvo V40 Cross Country Diesel'),
(571, 'Volvo', 'Volvo V90 Cross Country Diesel'),
(573, 'Volvo', 'Volvo XC40 Diesel'),
(572, 'Volvo', 'Volvo XC90 Petrol');

-- --------------------------------------------------------

--
-- Table structure for table `car_battery_compatibility`
--

CREATE TABLE `car_battery_compatibility` (
  `compatibility_id` int(11) NOT NULL,
  `car_id` int(11) NOT NULL,
  `battery_id` int(11) NOT NULL
) ENGINE=InnoDB DEFAULT CHARSET=utf8mb4 COLLATE=utf8mb4_unicode_ci;

--
-- Dumping data for table `car_battery_compatibility`
--

INSERT INTO `car_battery_compatibility` (`compatibility_id`, `car_id`, `battery_id`) VALUES
(1, 1, 1),
(2, 1, 2),
(3, 1, 3),
(4, 2, 1),
(5, 2, 2),
(6, 2, 3),
(7, 3, 1),
(8, 3, 2),
(9, 3, 3),
(10, 4, 1),
(11, 4, 2),
(12, 4, 3),
(13, 5, 4),
(14, 5, 5),
(15, 5, 6),
(16, 6, 7),
(17, 6, 8),
(18, 6, 9),
(19, 7, 10),
(20, 7, 11),
(21, 7, 12),
(22, 8, 13),
(23, 8, 14),
(24, 9, 15),
(25, 9, 16),
(26, 10, 17),
(27, 10, 18),
(28, 10, 19),
(29, 10, 20),
(39, 11, 19),
(30, 11, 21),
(31, 11, 22),
(32, 11, 23),
(33, 11, 24),
(34, 11, 25),
(35, 11, 26),
(36, 11, 27),
(37, 11, 28),
(38, 11, 29),
(40, 11, 30),
(41, 11, 31),
(42, 11, 32),
(43, 11, 33),
(44, 11, 34),
(54, 12, 19),
(45, 12, 21),
(46, 12, 22),
(47, 12, 23),
(48, 12, 24),
(49, 12, 25),
(50, 12, 26),
(51, 12, 27),
(52, 12, 28),
(53, 12, 29),
(55, 12, 30),
(56, 12, 31),
(57, 12, 32),
(58, 12, 33),
(59, 12, 34),
(69, 13, 19),
(60, 13, 21),
(61, 13, 22),
(62, 13, 23),
(63, 13, 24),
(64, 13, 25),
(65, 13, 26),
(66, 13, 27),
(67, 13, 28),
(68, 13, 29),
(70, 13, 30),
(71, 13, 31),
(72, 13, 32),
(73, 13, 33),
(74, 13, 35),
(84, 14, 19),
(75, 14, 21),
(76, 14, 22),
(77, 14, 23),
(78, 14, 24),
(79, 14, 25),
(80, 14, 26),
(81, 14, 27),
(82, 14, 28),
(83, 14, 29),
(85, 14, 30),
(86, 14, 31),
(87, 14, 32),
(88, 14, 33),
(89, 14, 35),
(100, 15, 19),
(94, 15, 26),
(96, 15, 28),
(104, 15, 35),
(90, 15, 36),
(91, 15, 37),
(92, 15, 38),
(93, 15, 39),
(95, 15, 40),
(97, 15, 41),
(98, 15, 42),
(99, 15, 43),
(101, 15, 44),
(102, 15, 45),
(103, 15, 46),
(115, 16, 19),
(109, 16, 26),
(111, 16, 28),
(119, 16, 35),
(105, 16, 36),
(106, 16, 37),
(107, 16, 38),
(108, 16, 39),
(110, 16, 40),
(112, 16, 41),
(113, 16, 42),
(114, 16, 43),
(116, 16, 44),
(117, 16, 45),
(118, 16, 46),
(130, 17, 19),
(124, 17, 26),
(126, 17, 28),
(134, 17, 35),
(120, 17, 36),
(121, 17, 37),
(122, 17, 38),
(123, 17, 39),
(125, 17, 40),
(127, 17, 41),
(128, 17, 42),
(129, 17, 43),
(131, 17, 44),
(132, 17, 45),
(133, 17, 46),
(145, 18, 19),
(139, 18, 26),
(141, 18, 28),
(149, 18, 35),
(135, 18, 36),
(136, 18, 37),
(137, 18, 38),
(138, 18, 39),
(140, 18, 40),
(142, 18, 41),
(143, 18, 42),
(144, 18, 43),
(146, 18, 44),
(147, 18, 45),
(148, 18, 46),
(159, 19, 19),
(156, 19, 28),
(163, 19, 35),
(150, 19, 36),
(151, 19, 37),
(152, 19, 38),
(153, 19, 39),
(154, 19, 40),
(155, 19, 41),
(157, 19, 42),
(158, 19, 43),
(160, 19, 44),
(161, 19, 45),
(162, 19, 46),
(164, 19, 47),
(175, 20, 19),
(169, 20, 26),
(171, 20, 28),
(179, 20, 35),
(165, 20, 36),
(166, 20, 37),
(167, 20, 38),
(168, 20, 39),
(170, 20, 40),
(172, 20, 41),
(173, 20, 42),
(174, 20, 43),
(176, 20, 44),
(177, 20, 45),
(178, 20, 46),
(184, 21, 19),
(183, 21, 26),
(180, 21, 37),
(181, 21, 39),
(182, 21, 40),
(185, 21, 47),
(196, 22, 19),
(190, 22, 26),
(192, 22, 28),
(200, 22, 35),
(186, 22, 36),
(187, 22, 37),
(188, 22, 38),
(189, 22, 39),
(191, 22, 40),
(193, 22, 41),
(194, 22, 42),
(195, 22, 43),
(197, 22, 44),
(198, 22, 45),
(199, 22, 46),
(201, 23, 17),
(202, 23, 18),
(203, 23, 48),
(204, 23, 49),
(215, 24, 19),
(209, 24, 26),
(211, 24, 28),
(219, 24, 35),
(205, 24, 36),
(206, 24, 37),
(207, 24, 38),
(208, 24, 39),
(210, 24, 40),
(212, 24, 41),
(213, 24, 42),
(214, 24, 43),
(216, 24, 44),
(217, 24, 45),
(218, 24, 46),
(230, 25, 19),
(224, 25, 26),
(226, 25, 28),
(234, 25, 35),
(220, 25, 36),
(221, 25, 37),
(222, 25, 38),
(223, 25, 39),
(225, 25, 40),
(227, 25, 41),
(228, 25, 42),
(229, 25, 43),
(231, 25, 44),
(232, 25, 45),
(233, 25, 46),
(237, 26, 19),
(235, 26, 50),
(236, 26, 51),
(238, 26, 52),
(249, 27, 19),
(243, 27, 26),
(245, 27, 28),
(253, 27, 35),
(239, 27, 36),
(240, 27, 37),
(241, 27, 38),
(242, 27, 39),
(244, 27, 40),
(246, 27, 41),
(247, 27, 42),
(248, 27, 43),
(250, 27, 44),
(251, 27, 45),
(252, 27, 46),
(254, 28, 53),
(255, 28, 54),
(256, 28, 55),
(257, 28, 56),
(258, 28, 57),
(268, 29, 19),
(262, 29, 26),
(264, 29, 28),
(272, 29, 35),
(259, 29, 36),
(260, 29, 38),
(261, 29, 39),
(263, 29, 40),
(265, 29, 41),
(266, 29, 42),
(267, 29, 43),
(269, 29, 44),
(270, 29, 45),
(271, 29, 46),
(273, 29, 47),
(284, 30, 19),
(278, 30, 26),
(280, 30, 28),
(288, 30, 35),
(274, 30, 36),
(275, 30, 37),
(276, 30, 38),
(277, 30, 39),
(279, 30, 40),
(281, 30, 41),
(282, 30, 42),
(283, 30, 43),
(285, 30, 44),
(286, 30, 45),
(287, 30, 46),
(290, 31, 53),
(291, 31, 54),
(292, 31, 55),
(293, 31, 56),
(294, 31, 57),
(289, 31, 58),
(304, 32, 19),
(299, 32, 26),
(301, 32, 28),
(308, 32, 35),
(295, 32, 36),
(296, 32, 37),
(297, 32, 38),
(298, 32, 39),
(300, 32, 40),
(302, 32, 41),
(303, 32, 43),
(305, 32, 44),
(306, 32, 45),
(307, 32, 46),
(309, 32, 47),
(320, 33, 19),
(310, 33, 21),
(312, 33, 22),
(313, 33, 23),
(314, 33, 24),
(315, 33, 25),
(316, 33, 26),
(317, 33, 27),
(318, 33, 28),
(321, 33, 30),
(319, 33, 31),
(322, 33, 32),
(323, 33, 33),
(324, 33, 34),
(311, 33, 37),
(325, 34, 22),
(326, 34, 23),
(327, 34, 24),
(328, 34, 25),
(329, 34, 26),
(330, 34, 27),
(331, 34, 29),
(332, 34, 32),
(333, 34, 33),
(338, 35, 26),
(340, 35, 28),
(346, 35, 35),
(334, 35, 36),
(335, 35, 37),
(336, 35, 38),
(339, 35, 40),
(341, 35, 41),
(337, 35, 42),
(342, 35, 43),
(343, 35, 44),
(344, 35, 45),
(345, 35, 46),
(348, 35, 47),
(347, 35, 59),
(349, 36, 17),
(350, 36, 18),
(351, 36, 49),
(352, 37, 17),
(353, 37, 18),
(354, 37, 20),
(355, 37, 49),
(365, 38, 19),
(356, 38, 21),
(357, 38, 22),
(358, 38, 23),
(359, 38, 24),
(360, 38, 25),
(361, 38, 26),
(362, 38, 27),
(363, 38, 28),
(364, 38, 29),
(366, 38, 30),
(367, 38, 31),
(368, 38, 32),
(369, 38, 33),
(370, 38, 34),
(372, 39, 53),
(373, 39, 54),
(374, 39, 55),
(375, 39, 56),
(376, 39, 57),
(371, 39, 58),
(386, 40, 19),
(377, 40, 21),
(378, 40, 22),
(379, 40, 23),
(380, 40, 24),
(381, 40, 25),
(382, 40, 26),
(383, 40, 27),
(384, 40, 28),
(385, 40, 29),
(387, 40, 30),
(388, 40, 31),
(389, 40, 32),
(390, 40, 33),
(391, 40, 46),
(392, 41, 53),
(393, 41, 54),
(394, 41, 55),
(395, 41, 56),
(396, 41, 57),
(406, 42, 19),
(397, 42, 21),
(399, 42, 22),
(400, 42, 23),
(401, 42, 25),
(402, 42, 26),
(403, 42, 27),
(404, 42, 28),
(405, 42, 29),
(407, 42, 30),
(408, 42, 31),
(409, 42, 32),
(410, 42, 33),
(411, 42, 35),
(398, 42, 37),
(413, 43, 53),
(414, 43, 54),
(415, 43, 55),
(416, 43, 56),
(417, 43, 57),
(412, 43, 58),
(418, 43, 59),
(429, 44, 19),
(419, 44, 21),
(421, 44, 22),
(422, 44, 23),
(423, 44, 24),
(424, 44, 25),
(425, 44, 26),
(426, 44, 27),
(427, 44, 28),
(428, 44, 29),
(430, 44, 30),
(431, 44, 31),
(432, 44, 32),
(433, 44, 33),
(420, 44, 37),
(437, 45, 18),
(436, 45, 26),
(434, 45, 37),
(439, 45, 47),
(435, 45, 48),
(438, 45, 49),
(450, 46, 19),
(444, 46, 26),
(446, 46, 28),
(454, 46, 35),
(440, 46, 36),
(441, 46, 37),
(442, 46, 38),
(443, 46, 39),
(445, 46, 40),
(447, 46, 41),
(448, 46, 42),
(449, 46, 43),
(451, 46, 44),
(452, 46, 45),
(453, 46, 46),
(455, 47, 18),
(456, 47, 49),
(466, 48, 19),
(457, 48, 21),
(459, 48, 22),
(460, 48, 23),
(461, 48, 24),
(462, 48, 25),
(463, 48, 26),
(464, 48, 28),
(465, 48, 29),
(467, 48, 30),
(468, 48, 31),
(469, 48, 32),
(470, 48, 33),
(471, 48, 34),
(458, 48, 37),
(472, 49, 50),
(473, 49, 51),
(474, 49, 52),
(475, 50, 53),
(476, 50, 54),
(477, 50, 55),
(478, 50, 56),
(479, 50, 57),
(480, 51, 50),
(481, 51, 51),
(482, 51, 52),
(492, 52, 19),
(486, 52, 26),
(488, 52, 28),
(483, 52, 37),
(484, 52, 38),
(485, 52, 39),
(487, 52, 40),
(489, 52, 41),
(490, 52, 42),
(491, 52, 43),
(493, 52, 45),
(494, 52, 47),
(503, 53, 19),
(500, 53, 28),
(495, 53, 37),
(496, 53, 38),
(497, 53, 39),
(498, 53, 40),
(499, 53, 41),
(501, 53, 42),
(502, 53, 43),
(504, 53, 45),
(505, 53, 47),
(506, 54, 50),
(507, 54, 51),
(508, 54, 52),
(509, 55, 60),
(510, 55, 61),
(511, 56, 54),
(513, 56, 55),
(512, 56, 56),
(514, 56, 57),
(515, 57, 50),
(516, 57, 51),
(517, 57, 52),
(518, 58, 60),
(519, 58, 61),
(530, 59, 19),
(524, 59, 26),
(526, 59, 28),
(534, 59, 35),
(520, 59, 36),
(521, 59, 37),
(522, 59, 38),
(523, 59, 39),
(525, 59, 40),
(527, 59, 41),
(528, 59, 42),
(529, 59, 43),
(531, 59, 44),
(532, 59, 45),
(533, 59, 46),
(545, 60, 19),
(535, 60, 21),
(536, 60, 22),
(537, 60, 23),
(538, 60, 24),
(540, 60, 25),
(541, 60, 26),
(543, 60, 27),
(542, 60, 28),
(544, 60, 29),
(546, 60, 30),
(547, 60, 31),
(548, 60, 32),
(549, 60, 33),
(539, 60, 39),
(550, 61, 50),
(552, 61, 51),
(553, 61, 52),
(551, 61, 54),
(564, 62, 19),
(554, 62, 21),
(556, 62, 22),
(557, 62, 23),
(558, 62, 24),
(559, 62, 25),
(560, 62, 26),
(561, 62, 27),
(562, 62, 28),
(563, 62, 29),
(565, 62, 30),
(566, 62, 31),
(567, 62, 32),
(568, 62, 33),
(555, 62, 37),
(569, 63, 50),
(570, 63, 51),
(571, 63, 52),
(582, 64, 19),
(572, 64, 21),
(574, 64, 22),
(575, 64, 23),
(576, 64, 24),
(577, 64, 25),
(578, 64, 26),
(579, 64, 27),
(580, 64, 28),
(581, 64, 29),
(583, 64, 30),
(584, 64, 31),
(585, 64, 32),
(586, 64, 33),
(573, 64, 37),
(597, 65, 19),
(587, 65, 21),
(589, 65, 22),
(590, 65, 23),
(591, 65, 24),
(592, 65, 25),
(593, 65, 26),
(594, 65, 27),
(595, 65, 28),
(596, 65, 29),
(598, 65, 30),
(599, 65, 31),
(600, 65, 32),
(601, 65, 33),
(588, 65, 37),
(612, 66, 19),
(602, 66, 21),
(604, 66, 22),
(605, 66, 23),
(606, 66, 24),
(607, 66, 25),
(608, 66, 26),
(609, 66, 27),
(610, 66, 28),
(611, 66, 29),
(613, 66, 30),
(614, 66, 31),
(615, 66, 32),
(616, 66, 33),
(603, 66, 37),
(618, 67, 52),
(617, 67, 54),
(619, 67, 55),
(620, 68, 50),
(621, 68, 51),
(622, 68, 52),
(623, 69, 60),
(624, 69, 61),
(631, 70, 19),
(629, 70, 28),
(633, 70, 35),
(625, 70, 36),
(626, 70, 39),
(627, 70, 40),
(628, 70, 41),
(630, 70, 42),
(632, 70, 44),
(634, 70, 47),
(636, 71, 48),
(635, 71, 62),
(637, 71, 63),
(639, 72, 48),
(638, 72, 62),
(640, 72, 63),
(642, 73, 48),
(641, 73, 62),
(643, 73, 63),
(644, 74, 4),
(645, 74, 6),
(646, 74, 64),
(647, 75, 17),
(649, 75, 18),
(648, 75, 20),
(652, 75, 49),
(650, 75, 65),
(651, 75, 66),
(653, 76, 67),
(654, 76, 68),
(655, 76, 69),
(656, 76, 70),
(657, 77, 4),
(658, 77, 6),
(659, 77, 49),
(660, 77, 64),
(662, 78, 8),
(661, 78, 25),
(663, 78, 71),
(665, 79, 8),
(664, 79, 25),
(666, 79, 71),
(667, 80, 72),
(668, 80, 73),
(669, 80, 74),
(670, 81, 75),
(671, 81, 76),
(672, 81, 77),
(673, 82, 17),
(674, 82, 18),
(675, 82, 20),
(677, 82, 49),
(676, 82, 66),
(678, 83, 17),
(679, 83, 18),
(680, 83, 20),
(681, 83, 66),
(683, 84, 7),
(684, 84, 8),
(685, 84, 9),
(682, 84, 78),
(686, 85, 72),
(687, 85, 73),
(688, 85, 74),
(689, 85, 76),
(691, 86, 7),
(692, 86, 8),
(693, 86, 9),
(690, 86, 78),
(695, 87, 7),
(696, 87, 8),
(697, 87, 9),
(694, 87, 78),
(699, 88, 7),
(700, 88, 8),
(701, 88, 9),
(698, 88, 78),
(703, 89, 7),
(704, 89, 8),
(705, 89, 9),
(702, 89, 78),
(707, 90, 7),
(708, 90, 8),
(709, 90, 9),
(706, 90, 78),
(711, 91, 7),
(712, 91, 8),
(713, 91, 9),
(710, 91, 78),
(715, 92, 7),
(716, 92, 8),
(717, 92, 9),
(714, 92, 78),
(718, 93, 72),
(719, 93, 73),
(720, 93, 74),
(721, 94, 75),
(722, 94, 76),
(723, 94, 77),
(724, 95, 72),
(725, 95, 73),
(726, 95, 74),
(727, 96, 75),
(728, 96, 76),
(729, 96, 77),
(730, 97, 72),
(731, 97, 73),
(732, 97, 74),
(733, 98, 75),
(734, 98, 76),
(735, 98, 77),
(736, 99, 72),
(737, 99, 73),
(738, 99, 74),
(739, 100, 75),
(740, 100, 76),
(741, 100, 77),
(743, 101, 55),
(742, 101, 56),
(744, 101, 57),
(745, 102, 4),
(746, 102, 6),
(747, 102, 64),
(749, 103, 13),
(751, 103, 14),
(748, 103, 79),
(750, 103, 80),
(752, 104, 21),
(753, 104, 22),
(754, 104, 23),
(755, 104, 24),
(756, 104, 25),
(757, 104, 26),
(758, 104, 27),
(759, 104, 29),
(760, 104, 31),
(761, 104, 32),
(762, 104, 33),
(763, 104, 34),
(764, 104, 59),
(766, 105, 13),
(768, 105, 14),
(765, 105, 79),
(767, 105, 80),
(769, 106, 72),
(770, 106, 73),
(771, 106, 74),
(772, 107, 72),
(773, 107, 73),
(774, 107, 74),
(775, 108, 72),
(776, 108, 73),
(777, 108, 74),
(779, 109, 13),
(781, 109, 14),
(778, 109, 79),
(780, 109, 80),
(782, 110, 72),
(783, 110, 73),
(784, 110, 74),
(787, 111, 49),
(785, 111, 75),
(786, 111, 76),
(788, 111, 77),
(789, 112, 72),
(790, 112, 73),
(791, 112, 74),
(794, 113, 49),
(792, 113, 75),
(793, 113, 76),
(795, 113, 77),
(796, 114, 75),
(797, 114, 76),
(798, 114, 77),
(800, 115, 7),
(801, 115, 8),
(802, 115, 9),
(799, 115, 78),
(803, 116, 75),
(804, 116, 76),
(805, 116, 77),
(806, 117, 72),
(807, 117, 73),
(808, 117, 74),
(810, 118, 7),
(811, 118, 8),
(812, 118, 9),
(809, 118, 78),
(814, 119, 7),
(815, 119, 8),
(816, 119, 9),
(813, 119, 78),
(817, 120, 72),
(818, 120, 73),
(819, 120, 74),
(820, 121, 72),
(821, 121, 73),
(822, 121, 74),
(824, 122, 7),
(825, 122, 8),
(823, 122, 78),
(826, 123, 17),
(828, 123, 18),
(827, 123, 20),
(829, 123, 65),
(830, 123, 66),
(831, 124, 75),
(832, 124, 76),
(833, 124, 77),
(834, 125, 72),
(835, 125, 73),
(836, 125, 74),
(837, 126, 4),
(838, 126, 5),
(839, 126, 6),
(841, 127, 13),
(843, 127, 14),
(840, 127, 79),
(842, 127, 80),
(844, 128, 67),
(845, 128, 68),
(846, 128, 69),
(847, 128, 70),
(848, 129, 4),
(849, 129, 6),
(850, 129, 64),
(851, 130, 72),
(852, 130, 74),
(853, 131, 17),
(854, 131, 18),
(855, 131, 20),
(857, 131, 49),
(856, 131, 66),
(858, 132, 72),
(859, 132, 74),
(860, 133, 17),
(861, 133, 18),
(862, 133, 20),
(864, 133, 49),
(863, 133, 66),
(865, 134, 17),
(866, 134, 18),
(867, 134, 20),
(869, 134, 49),
(868, 134, 66),
(870, 135, 7),
(871, 135, 8),
(872, 135, 9),
(874, 136, 7),
(875, 136, 8),
(876, 136, 9),
(873, 136, 78),
(878, 137, 7),
(879, 137, 8),
(880, 137, 9),
(877, 137, 78),
(882, 138, 7),
(883, 138, 8),
(884, 138, 9),
(881, 138, 78),
(885, 139, 1),
(886, 139, 2),
(888, 139, 3),
(887, 139, 81),
(889, 140, 4),
(890, 140, 6),
(891, 141, 4),
(892, 141, 5),
(893, 141, 6),
(894, 141, 82),
(895, 142, 7),
(896, 142, 8),
(897, 142, 9),
(898, 143, 17),
(900, 143, 18),
(899, 143, 20),
(903, 143, 49),
(901, 143, 65),
(902, 143, 66),
(904, 144, 72),
(905, 144, 73),
(906, 144, 74),
(916, 145, 19),
(918, 145, 26),
(914, 145, 28),
(910, 145, 35),
(907, 145, 36),
(917, 145, 37),
(912, 145, 38),
(913, 145, 39),
(908, 145, 42),
(919, 145, 43),
(920, 145, 44),
(909, 145, 46),
(911, 145, 47),
(915, 145, 83),
(921, 145, 84),
(922, 146, 17),
(924, 146, 18),
(923, 146, 20),
(927, 146, 49),
(925, 146, 65),
(926, 146, 66),
(937, 147, 19),
(939, 147, 26),
(935, 147, 28),
(931, 147, 35),
(928, 147, 36),
(938, 147, 37),
(933, 147, 38),
(934, 147, 39),
(929, 147, 42),
(940, 147, 43),
(941, 147, 44),
(930, 147, 46),
(932, 147, 47),
(936, 147, 83),
(942, 147, 84),
(952, 148, 19),
(954, 148, 26),
(950, 148, 28),
(946, 148, 35),
(943, 148, 36),
(953, 148, 37),
(948, 148, 38),
(949, 148, 39),
(944, 148, 42),
(955, 148, 43),
(956, 148, 44),
(945, 148, 46),
(947, 148, 47),
(951, 148, 83),
(957, 148, 84),
(958, 149, 17),
(960, 149, 18),
(959, 149, 20),
(963, 149, 49),
(961, 149, 65),
(962, 149, 66),
(974, 150, 19),
(968, 150, 26),
(970, 150, 28),
(964, 150, 36),
(965, 150, 37),
(966, 150, 38),
(967, 150, 39),
(969, 150, 40),
(971, 150, 41),
(972, 150, 42),
(975, 150, 43),
(976, 150, 45),
(977, 150, 46),
(973, 150, 83),
(978, 150, 84),
(979, 151, 17),
(981, 151, 18),
(980, 151, 20),
(984, 151, 49),
(982, 151, 65),
(983, 151, 66),
(985, 152, 17),
(987, 152, 18),
(986, 152, 20),
(990, 152, 49),
(988, 152, 65),
(989, 152, 66),
(1001, 153, 19),
(995, 153, 26),
(1005, 153, 35),
(991, 153, 36),
(992, 153, 37),
(993, 153, 38),
(994, 153, 39),
(996, 153, 40),
(997, 153, 41),
(998, 153, 42),
(999, 153, 43),
(1002, 153, 45),
(1003, 153, 46),
(1000, 153, 83),
(1004, 153, 84),
(1006, 154, 17),
(1007, 154, 18),
(1010, 154, 49),
(1008, 154, 65),
(1009, 154, 66),
(1021, 155, 19),
(1015, 155, 26),
(1017, 155, 28),
(1011, 155, 36),
(1012, 155, 37),
(1013, 155, 38),
(1014, 155, 39),
(1016, 155, 40),
(1018, 155, 41),
(1019, 155, 42),
(1022, 155, 43),
(1023, 155, 44),
(1024, 155, 45),
(1025, 155, 46),
(1020, 155, 83),
(1026, 156, 17),
(1028, 156, 18),
(1027, 156, 20),
(1031, 156, 49),
(1029, 156, 65),
(1030, 156, 66),
(1041, 157, 19),
(1043, 157, 26),
(1039, 157, 28),
(1035, 157, 35),
(1032, 157, 36),
(1042, 157, 37),
(1037, 157, 38),
(1038, 157, 39),
(1033, 157, 42),
(1044, 157, 43),
(1045, 157, 44),
(1034, 157, 46),
(1036, 157, 47),
(1040, 157, 83),
(1046, 157, 84),
(1048, 158, 18),
(1047, 158, 20),
(1051, 158, 49),
(1049, 158, 65),
(1050, 158, 66),
(1052, 159, 72),
(1053, 159, 73),
(1054, 159, 74),
(1064, 160, 19),
(1066, 160, 26),
(1062, 160, 28),
(1058, 160, 35),
(1055, 160, 36),
(1065, 160, 37),
(1060, 160, 38),
(1061, 160, 39),
(1056, 160, 42),
(1067, 160, 43),
(1068, 160, 44),
(1057, 160, 46),
(1059, 160, 47),
(1063, 160, 83),
(1069, 160, 84),
(1080, 161, 19),
(1074, 161, 26),
(1076, 161, 28),
(1070, 161, 36),
(1071, 161, 37),
(1072, 161, 38),
(1073, 161, 39),
(1075, 161, 40),
(1077, 161, 41),
(1078, 161, 42),
(1081, 161, 43),
(1082, 161, 44),
(1083, 161, 45),
(1084, 161, 46),
(1079, 161, 83),
(1094, 162, 19),
(1096, 162, 26),
(1092, 162, 28),
(1088, 162, 35),
(1085, 162, 36),
(1095, 162, 37),
(1090, 162, 38),
(1091, 162, 39),
(1086, 162, 42),
(1097, 162, 43),
(1098, 162, 44),
(1087, 162, 46),
(1089, 162, 47),
(1093, 162, 83),
(1099, 162, 84),
(1100, 163, 17),
(1102, 163, 18),
(1101, 163, 20),
(1105, 163, 49),
(1103, 163, 65),
(1104, 163, 66),
(1115, 164, 19),
(1109, 164, 26),
(1111, 164, 28),
(1106, 164, 36),
(1107, 164, 38),
(1108, 164, 39),
(1110, 164, 40),
(1112, 164, 41),
(1113, 164, 42),
(1116, 164, 43),
(1117, 164, 44),
(1118, 164, 45),
(1119, 164, 46),
(1114, 164, 83),
(1120, 164, 84),
(1121, 165, 17),
(1124, 165, 18),
(1123, 165, 20),
(1122, 165, 49),
(1125, 165, 65),
(1126, 165, 66),
(1127, 165, 85),
(1128, 166, 4),
(1129, 166, 5),
(1130, 166, 6),
(1131, 166, 64),
(1132, 167, 67),
(1133, 167, 68),
(1134, 167, 69),
(1135, 167, 70),
(1136, 168, 1),
(1137, 168, 2),
(1138, 168, 3),
(1139, 169, 67),
(1140, 169, 68),
(1141, 169, 69),
(1142, 169, 70),
(1143, 170, 68),
(1144, 170, 69),
(1145, 170, 70),
(1146, 171, 4),
(1147, 171, 5),
(1148, 171, 6),
(1149, 171, 64),
(1150, 172, 4),
(1151, 172, 5),
(1152, 172, 6),
(1154, 172, 64),
(1153, 172, 82),
(1159, 173, 1),
(1155, 173, 2),
(1156, 173, 3),
(1157, 173, 81),
(1158, 173, 86),
(1162, 174, 1),
(1160, 174, 4),
(1163, 174, 5),
(1164, 174, 6),
(1165, 174, 64),
(1161, 174, 81),
(1166, 175, 87),
(1167, 175, 88),
(1168, 176, 4),
(1169, 176, 5),
(1170, 176, 6),
(1172, 176, 64),
(1171, 176, 82),
(1173, 177, 4),
(1174, 177, 5),
(1175, 177, 6),
(1176, 177, 64),
(1177, 178, 1),
(1178, 178, 2),
(1180, 178, 3),
(1179, 178, 81),
(1181, 179, 2),
(1183, 179, 3),
(1182, 179, 4),
(1184, 179, 5),
(1185, 179, 6),
(1186, 179, 64),
(1191, 180, 1),
(1187, 180, 2),
(1188, 180, 3),
(1189, 180, 81),
(1190, 180, 86),
(1192, 181, 4),
(1193, 181, 5),
(1194, 181, 6),
(1196, 181, 64),
(1195, 181, 82),
(1197, 182, 67),
(1198, 182, 70),
(1199, 183, 4),
(1200, 183, 5),
(1201, 183, 6),
(1202, 183, 82),
(1207, 184, 1),
(1203, 184, 2),
(1204, 184, 3),
(1205, 184, 81),
(1206, 184, 86),
(1208, 185, 4),
(1209, 185, 5),
(1210, 185, 6),
(1211, 185, 64),
(1212, 186, 4),
(1213, 186, 5),
(1214, 186, 6),
(1215, 186, 64),
(1216, 187, 4),
(1217, 187, 5),
(1218, 187, 6),
(1220, 187, 64),
(1219, 187, 82),
(1221, 188, 67),
(1222, 188, 68),
(1223, 188, 70),
(1224, 189, 21),
(1225, 189, 22),
(1226, 189, 23),
(1227, 189, 24),
(1228, 189, 25),
(1229, 189, 27),
(1230, 189, 28),
(1231, 189, 29),
(1233, 189, 30),
(1232, 189, 31),
(1234, 189, 32),
(1235, 189, 33),
(1236, 189, 34),
(1237, 189, 59),
(1239, 190, 13),
(1241, 190, 14),
(1238, 190, 79),
(1240, 190, 80),
(1242, 191, 89),
(1243, 191, 90),
(1245, 192, 2),
(1247, 192, 3),
(1244, 192, 91),
(1246, 192, 92),
(1248, 193, 90),
(1249, 194, 93),
(1251, 195, 90),
(1250, 195, 93),
(1252, 196, 2),
(1254, 196, 3),
(1253, 196, 92),
(1255, 197, 2),
(1257, 197, 3),
(1256, 197, 92),
(1258, 198, 89),
(1259, 198, 94),
(1260, 199, 2),
(1262, 199, 3),
(1261, 199, 92),
(1263, 200, 94),
(1264, 201, 89),
(1265, 201, 94),
(1267, 202, 2),
(1269, 202, 3),
(1266, 202, 91),
(1268, 202, 92),
(1270, 203, 24),
(1272, 203, 90),
(1271, 203, 94),
(1274, 204, 2),
(1275, 204, 3),
(1273, 204, 21),
(1276, 204, 22),
(1277, 204, 23),
(1278, 204, 25),
(1279, 204, 27),
(1280, 204, 29),
(1283, 204, 30),
(1281, 204, 31),
(1284, 204, 32),
(1285, 204, 33),
(1286, 204, 34),
(1287, 204, 59),
(1282, 204, 92),
(1288, 205, 21),
(1289, 205, 22),
(1290, 205, 23),
(1291, 205, 25),
(1292, 205, 27),
(1293, 205, 29),
(1295, 205, 30),
(1294, 205, 31),
(1296, 205, 32),
(1297, 205, 33),
(1298, 205, 34),
(1299, 205, 59),
(1300, 206, 95),
(1301, 206, 96),
(1302, 206, 97),
(1303, 206, 98),
(1305, 207, 13),
(1307, 207, 14),
(1304, 207, 79),
(1306, 207, 80),
(1309, 208, 13),
(1311, 208, 14),
(1308, 208, 79),
(1310, 208, 80),
(1313, 209, 13),
(1315, 209, 14),
(1312, 209, 79),
(1314, 209, 80),
(1318, 210, 93),
(1316, 210, 94),
(1317, 210, 99),
(1320, 211, 13),
(1322, 211, 14),
(1319, 211, 79),
(1321, 211, 80),
(1323, 212, 89),
(1324, 212, 90),
(1326, 213, 2),
(1328, 213, 3),
(1325, 213, 91),
(1327, 213, 92),
(1329, 214, 13),
(1330, 214, 14),
(1333, 215, 93),
(1331, 215, 94),
(1332, 215, 99),
(1335, 216, 89),
(1336, 216, 94),
(1334, 216, 99),
(1339, 217, 93),
(1337, 217, 94),
(1338, 217, 99),
(1342, 218, 89),
(1343, 218, 93),
(1340, 218, 94),
(1341, 218, 99),
(1346, 219, 93),
(1344, 219, 94),
(1345, 219, 99),
(1347, 220, 89),
(1349, 220, 90),
(1348, 220, 93),
(1350, 221, 2),
(1352, 221, 3),
(1353, 221, 92),
(1354, 221, 94),
(1351, 221, 99),
(1356, 222, 89),
(1358, 222, 90),
(1357, 222, 93),
(1355, 222, 99),
(1361, 223, 93),
(1359, 223, 94),
(1360, 223, 99),
(1364, 224, 90),
(1363, 224, 94),
(1362, 224, 99),
(1367, 225, 90),
(1366, 225, 94),
(1365, 225, 99),
(1368, 226, 90),
(1369, 227, 90),
(1373, 228, 90),
(1372, 228, 93),
(1370, 228, 94),
(1371, 228, 99),
(1374, 229, 2),
(1376, 229, 3),
(1375, 229, 92),
(1377, 230, 89),
(1378, 230, 90),
(1382, 231, 90),
(1381, 231, 93),
(1379, 231, 94),
(1380, 231, 99),
(1383, 232, 2),
(1384, 232, 3),
(1386, 232, 52),
(1385, 232, 92),
(1387, 232, 94),
(1388, 233, 90),
(1390, 234, 2),
(1392, 234, 3),
(1389, 234, 91),
(1391, 234, 92),
(1394, 235, 13),
(1396, 235, 14),
(1393, 235, 79),
(1395, 235, 80),
(1398, 236, 13),
(1400, 236, 14),
(1397, 236, 79),
(1399, 236, 80),
(1402, 237, 13),
(1404, 237, 14),
(1401, 237, 79),
(1403, 237, 80),
(1406, 238, 13),
(1408, 238, 14),
(1405, 238, 79),
(1407, 238, 80),
(1413, 239, 52),
(1409, 239, 89),
(1412, 239, 90),
(1411, 239, 92),
(1410, 239, 100),
(1414, 240, 91),
(1415, 240, 92),
(1416, 240, 100),
(1418, 241, 13),
(1420, 241, 14),
(1417, 241, 79),
(1419, 241, 80),
(1425, 242, 1),
(1421, 242, 2),
(1422, 242, 3),
(1424, 242, 81),
(1423, 242, 100),
(1426, 243, 50),
(1427, 243, 51),
(1429, 243, 52),
(1428, 243, 101),
(1430, 244, 67),
(1431, 244, 68),
(1433, 244, 70),
(1432, 244, 102),
(1434, 245, 1),
(1435, 245, 2),
(1436, 245, 3),
(1437, 246, 2),
(1439, 246, 3),
(1438, 246, 4),
(1440, 246, 5),
(1441, 246, 6),
(1442, 246, 64),
(1443, 247, 4),
(1446, 247, 5),
(1448, 247, 6),
(1450, 247, 64),
(1445, 247, 68),
(1444, 247, 69),
(1449, 247, 70),
(1447, 247, 82),
(1451, 248, 4),
(1454, 248, 5),
(1455, 248, 6),
(1457, 248, 64),
(1453, 248, 68),
(1452, 248, 69),
(1456, 248, 70),
(1458, 249, 4),
(1462, 249, 5),
(1463, 249, 6),
(1465, 249, 64),
(1460, 249, 67),
(1461, 249, 68),
(1459, 249, 69),
(1464, 249, 70),
(1466, 250, 67),
(1467, 250, 68),
(1468, 250, 69),
(1469, 250, 70),
(1470, 251, 4),
(1473, 251, 5),
(1474, 251, 6),
(1476, 251, 64),
(1472, 251, 68),
(1471, 251, 69),
(1475, 251, 70),
(1477, 252, 67),
(1478, 252, 68),
(1479, 252, 69),
(1480, 252, 70),
(1481, 253, 4),
(1484, 253, 5),
(1485, 253, 6),
(1487, 253, 64),
(1483, 253, 68),
(1482, 253, 69),
(1486, 253, 70),
(1488, 254, 2),
(1489, 254, 3),
(1490, 254, 86),
(1491, 255, 4),
(1494, 255, 5),
(1495, 255, 6),
(1492, 255, 53),
(1497, 255, 64),
(1493, 255, 68),
(1496, 255, 82),
(1498, 256, 4),
(1500, 256, 5),
(1501, 256, 6),
(1503, 256, 64),
(1499, 256, 68),
(1502, 256, 82),
(1504, 257, 67),
(1505, 257, 68),
(1506, 257, 69),
(1507, 257, 70),
(1508, 258, 4),
(1512, 258, 5),
(1513, 258, 6),
(1515, 258, 64),
(1510, 258, 67),
(1511, 258, 68),
(1509, 258, 69),
(1514, 258, 70),
(1516, 259, 4),
(1519, 259, 5),
(1520, 259, 6),
(1517, 259, 53),
(1522, 259, 64),
(1518, 259, 68),
(1521, 259, 70),
(1523, 260, 67),
(1524, 260, 68),
(1525, 260, 69),
(1526, 260, 70),
(1527, 261, 2),
(1529, 261, 3),
(1528, 261, 4),
(1531, 261, 5),
(1532, 261, 6),
(1533, 261, 64),
(1530, 261, 86),
(1534, 262, 4),
(1536, 262, 5),
(1537, 262, 6),
(1535, 262, 53),
(1539, 262, 64),
(1538, 262, 82),
(1540, 263, 68),
(1541, 263, 69),
(1542, 264, 4),
(1543, 264, 5),
(1544, 264, 6),
(1545, 264, 64),
(1546, 265, 4),
(1547, 265, 5),
(1548, 265, 6),
(1549, 265, 64),
(1550, 266, 67),
(1551, 266, 68),
(1552, 266, 69),
(1553, 266, 70),
(1554, 267, 4),
(1555, 267, 5),
(1556, 267, 6),
(1557, 267, 64),
(1558, 268, 4),
(1559, 268, 5),
(1560, 268, 6),
(1561, 268, 64),
(1562, 269, 67),
(1563, 269, 68),
(1564, 269, 69),
(1565, 269, 70),
(1566, 270, 67),
(1567, 271, 4),
(1569, 271, 5),
(1570, 271, 6),
(1568, 271, 53),
(1571, 271, 64),
(1572, 272, 67),
(1573, 272, 68),
(1574, 272, 69),
(1575, 273, 4),
(1576, 273, 6),
(1577, 273, 64),
(1578, 274, 50),
(1579, 274, 51),
(1580, 274, 89),
(1581, 275, 89),
(1582, 275, 90),
(1583, 276, 50),
(1584, 276, 51),
(1585, 276, 52),
(1586, 277, 50),
(1587, 277, 51),
(1588, 277, 52),
(1589, 278, 50),
(1590, 278, 51),
(1591, 278, 52),
(1592, 279, 95),
(1593, 279, 96),
(1594, 279, 97),
(1595, 279, 98),
(1596, 280, 15),
(1597, 280, 16),
(1598, 280, 103),
(1599, 281, 17),
(1600, 281, 18),
(1602, 281, 49),
(1601, 281, 66),
(1606, 282, 90),
(1605, 282, 93),
(1603, 282, 94),
(1604, 282, 99),
(1607, 283, 95),
(1608, 283, 96),
(1609, 283, 97),
(1610, 283, 98),
(1613, 284, 90),
(1612, 284, 94),
(1611, 284, 99),
(1615, 285, 55),
(1616, 285, 56),
(1617, 285, 57),
(1618, 285, 94),
(1614, 285, 99),
(1621, 286, 93),
(1619, 286, 94),
(1620, 286, 99),
(1622, 287, 50),
(1623, 287, 51),
(1625, 287, 93),
(1626, 287, 94),
(1624, 287, 99),
(1627, 288, 17),
(1628, 288, 18),
(1629, 288, 66),
(1630, 289, 17),
(1631, 289, 18),
(1632, 289, 66),
(1635, 290, 22),
(1636, 290, 24),
(1638, 290, 25),
(1642, 290, 27),
(1644, 290, 33),
(1633, 290, 36),
(1634, 290, 38),
(1637, 290, 39),
(1639, 290, 40),
(1640, 290, 41),
(1641, 290, 42),
(1643, 290, 43),
(1645, 290, 44),
(1646, 290, 45),
(1647, 290, 46),
(1648, 291, 4),
(1652, 291, 6),
(1654, 291, 64),
(1650, 291, 67),
(1651, 291, 68),
(1649, 291, 69),
(1653, 291, 70),
(1656, 292, 70),
(1655, 292, 104),
(1657, 293, 90),
(1659, 294, 90),
(1658, 294, 104),
(1660, 295, 90),
(1663, 296, 93),
(1661, 296, 94),
(1662, 296, 99),
(1665, 297, 90),
(1664, 297, 104),
(1667, 298, 90),
(1666, 298, 104),
(1669, 299, 90),
(1668, 299, 104),
(1672, 300, 93),
(1670, 300, 94),
(1671, 300, 99),
(1675, 301, 93),
(1673, 301, 94),
(1674, 301, 99),
(1678, 302, 93),
(1676, 302, 94),
(1677, 302, 99),
(1681, 303, 93),
(1679, 303, 94),
(1680, 303, 99),
(1684, 304, 93),
(1682, 304, 94),
(1683, 304, 99),
(1685, 305, 93),
(1686, 306, 1),
(1687, 306, 2),
(1688, 306, 3),
(1689, 307, 1),
(1690, 307, 2),
(1691, 307, 3),
(1692, 308, 95),
(1693, 308, 96),
(1694, 308, 97),
(1695, 308, 98),
(1696, 309, 95),
(1697, 309, 96),
(1698, 309, 97),
(1699, 309, 98),
(1700, 310, 1),
(1701, 310, 2),
(1702, 310, 3),
(1706, 311, 1),
(1703, 311, 2),
(1705, 311, 3),
(1704, 311, 4),
(1707, 311, 6),
(1708, 311, 64),
(1712, 312, 1),
(1709, 312, 2),
(1711, 312, 3),
(1710, 312, 4),
(1713, 312, 6),
(1714, 312, 64),
(1715, 313, 1),
(1716, 313, 2),
(1717, 313, 3),
(1718, 314, 1),
(1719, 314, 2),
(1720, 314, 3),
(1721, 315, 1),
(1722, 315, 2),
(1723, 315, 3),
(1724, 316, 1),
(1725, 316, 2),
(1726, 316, 3),
(1727, 317, 1),
(1728, 317, 2),
(1729, 317, 3),
(1730, 318, 1),
(1731, 318, 2),
(1732, 318, 3),
(1733, 319, 1),
(1734, 319, 2),
(1735, 319, 3),
(1736, 320, 1),
(1737, 320, 2),
(1738, 320, 3),
(1739, 321, 67),
(1740, 321, 68),
(1741, 321, 69),
(1742, 321, 70),
(1743, 322, 1),
(1744, 322, 2),
(1745, 322, 3),
(1746, 323, 1),
(1747, 324, 1),
(1748, 325, 1),
(1749, 325, 2),
(1750, 325, 3),
(1754, 326, 1),
(1751, 326, 2),
(1753, 326, 3),
(1752, 326, 4),
(1755, 326, 6),
(1756, 326, 64),
(1757, 327, 4),
(1758, 327, 6),
(1759, 327, 64),
(1760, 328, 1),
(1761, 328, 2),
(1762, 328, 3),
(1766, 329, 1),
(1763, 329, 2),
(1765, 329, 3),
(1764, 329, 4),
(1767, 329, 6),
(1768, 329, 64),
(1772, 330, 1),
(1769, 330, 2),
(1771, 330, 3),
(1770, 330, 4),
(1773, 330, 6),
(1774, 330, 64),
(1775, 331, 1),
(1776, 332, 1),
(1777, 332, 2),
(1778, 332, 3),
(1779, 333, 1),
(1780, 333, 2),
(1781, 333, 3),
(1782, 334, 1),
(1783, 334, 2),
(1784, 334, 3),
(1785, 335, 1),
(1789, 336, 1),
(1786, 336, 50),
(1787, 336, 51),
(1788, 336, 52),
(1791, 337, 2),
(1792, 337, 3),
(1790, 337, 50),
(1793, 338, 1),
(1794, 338, 2),
(1795, 338, 3),
(1796, 339, 50),
(1797, 339, 51),
(1798, 339, 52),
(1799, 340, 1),
(1800, 340, 2),
(1801, 340, 3),
(1802, 341, 52),
(1803, 342, 1),
(1804, 342, 2),
(1805, 342, 3),
(1806, 343, 50),
(1807, 343, 51),
(1808, 343, 52),
(1809, 344, 50),
(1810, 344, 51),
(1811, 345, 50),
(1812, 345, 51),
(1813, 345, 52),
(1814, 346, 1),
(1815, 346, 2),
(1816, 346, 3),
(1817, 347, 50),
(1818, 347, 51),
(1819, 347, 52),
(1820, 348, 1),
(1821, 348, 2),
(1822, 348, 3),
(1823, 349, 50),
(1824, 349, 51),
(1825, 349, 52),
(1826, 350, 1),
(1827, 350, 2),
(1828, 350, 3),
(1829, 351, 50),
(1830, 351, 51),
(1831, 352, 1),
(1832, 352, 2),
(1834, 352, 3),
(1833, 352, 52),
(1835, 353, 50),
(1836, 353, 51),
(1837, 353, 52),
(1838, 354, 1),
(1839, 354, 2),
(1840, 354, 3),
(1849, 355, 19),
(1847, 355, 28),
(1854, 355, 35),
(1841, 355, 36),
(1842, 355, 37),
(1843, 355, 38),
(1844, 355, 39),
(1845, 355, 40),
(1846, 355, 41),
(1848, 355, 43),
(1850, 355, 44),
(1851, 355, 45),
(1852, 355, 46),
(1855, 355, 47),
(1853, 355, 84),
(1856, 356, 72),
(1857, 356, 73),
(1858, 356, 74),
(1859, 357, 105),
(1860, 358, 17),
(1862, 358, 18),
(1861, 358, 20),
(1864, 358, 49),
(1863, 358, 65),
(1866, 359, 74),
(1865, 359, 105),
(1868, 360, 74),
(1867, 360, 105),
(1877, 361, 19),
(1875, 361, 28),
(1882, 361, 35),
(1869, 361, 36),
(1870, 361, 37),
(1871, 361, 38),
(1872, 361, 39),
(1873, 361, 40),
(1874, 361, 41),
(1876, 361, 43),
(1878, 361, 44),
(1879, 361, 45),
(1880, 361, 46),
(1883, 361, 47),
(1881, 361, 84),
(1892, 362, 19),
(1890, 362, 28),
(1897, 362, 35),
(1884, 362, 36),
(1885, 362, 37),
(1886, 362, 38),
(1887, 362, 39),
(1888, 362, 40),
(1889, 362, 41),
(1891, 362, 43),
(1893, 362, 44),
(1894, 362, 45),
(1895, 362, 46),
(1898, 362, 47),
(1896, 362, 84),
(1900, 363, 13),
(1902, 363, 14),
(1899, 363, 79),
(1901, 363, 80),
(1904, 364, 10),
(1907, 364, 11),
(1905, 364, 12),
(1903, 364, 106),
(1906, 364, 107),
(1908, 364, 108),
(1918, 365, 19),
(1915, 365, 28),
(1923, 365, 35),
(1909, 365, 36),
(1910, 365, 37),
(1911, 365, 38),
(1912, 365, 39),
(1913, 365, 40),
(1914, 365, 41),
(1916, 365, 42),
(1917, 365, 43),
(1919, 365, 44),
(1920, 365, 45),
(1921, 365, 46),
(1922, 365, 84),
(1925, 366, 13),
(1927, 366, 14),
(1924, 366, 79),
(1926, 366, 80),
(1929, 367, 13),
(1931, 367, 14),
(1928, 367, 79),
(1930, 367, 80),
(1933, 368, 13),
(1935, 368, 14),
(1932, 368, 79),
(1934, 368, 80),
(1937, 369, 10),
(1940, 369, 11),
(1938, 369, 12),
(1936, 369, 106),
(1939, 369, 107),
(1941, 369, 108),
(1942, 370, 38),
(1943, 370, 39),
(1945, 370, 40),
(1944, 370, 41),
(1946, 370, 42),
(1947, 370, 43),
(1948, 370, 45),
(1949, 370, 46),
(1951, 371, 10),
(1954, 371, 11),
(1952, 371, 12),
(1950, 371, 106),
(1953, 371, 107),
(1955, 371, 108),
(1957, 372, 10),
(1960, 372, 11),
(1958, 372, 12),
(1956, 372, 106),
(1959, 372, 107),
(1961, 373, 53),
(1962, 373, 56),
(1963, 373, 57),
(1965, 374, 13),
(1967, 374, 14),
(1964, 374, 79),
(1966, 374, 80),
(1968, 375, 53),
(1969, 375, 54),
(1970, 375, 55),
(1971, 375, 56),
(1972, 375, 57),
(1976, 376, 19),
(1975, 376, 28),
(1973, 376, 36),
(1974, 376, 40),
(1977, 376, 44),
(1978, 376, 47),
(1982, 377, 19),
(1981, 377, 28),
(1979, 377, 36),
(1980, 377, 40),
(1983, 377, 44),
(1984, 377, 47),
(1991, 378, 19),
(1989, 378, 28),
(1985, 378, 36),
(1986, 378, 39),
(1987, 378, 40),
(1988, 378, 41),
(1992, 378, 44),
(1993, 378, 46),
(1995, 378, 47),
(1990, 378, 83),
(1994, 378, 84),
(1996, 379, 17),
(1997, 379, 18),
(1999, 379, 65),
(2000, 379, 66),
(1998, 379, 109),
(2001, 380, 4),
(2002, 380, 5),
(2003, 380, 6),
(2004, 381, 62),
(2005, 381, 63),
(2006, 382, 62),
(2007, 382, 63),
(2010, 383, 93),
(2008, 383, 94),
(2009, 383, 99),
(2013, 384, 93),
(2011, 384, 94),
(2012, 384, 99),
(2016, 385, 93),
(2014, 385, 94),
(2015, 385, 99),
(2017, 386, 94),
(2020, 387, 93),
(2018, 387, 94),
(2019, 387, 99),
(2023, 388, 93),
(2021, 388, 94),
(2022, 388, 99),
(2024, 389, 4),
(2025, 389, 5),
(2026, 389, 6),
(2027, 389, 52),
(2028, 389, 64),
(2029, 390, 4),
(2030, 390, 5),
(2031, 390, 6),
(2032, 390, 64),
(2035, 391, 93),
(2033, 391, 94),
(2034, 391, 99),
(2038, 392, 93),
(2036, 392, 94),
(2037, 392, 99),
(2039, 392, 110),
(2042, 393, 93),
(2040, 393, 94),
(2041, 393, 99),
(2045, 394, 93),
(2043, 394, 94),
(2044, 394, 99),
(2046, 395, 50),
(2047, 395, 51),
(2048, 395, 52),
(2049, 396, 4),
(2050, 396, 5),
(2051, 396, 6),
(2052, 396, 64),
(2053, 397, 50),
(2054, 397, 51),
(2055, 398, 96),
(2056, 399, 95),
(2057, 399, 96),
(2058, 399, 97),
(2059, 399, 98),
(2062, 400, 93),
(2060, 400, 94),
(2061, 400, 99),
(2065, 401, 93),
(2063, 401, 94),
(2064, 401, 99),
(2068, 402, 93),
(2066, 402, 94),
(2067, 402, 99),
(2069, 403, 52),
(2071, 403, 94),
(2070, 403, 99),
(2074, 404, 93),
(2072, 404, 94),
(2073, 404, 99),
(2075, 405, 95),
(2076, 405, 96),
(2077, 405, 97),
(2078, 405, 98),
(2079, 406, 95),
(2080, 406, 96),
(2081, 406, 97),
(2082, 406, 98),
(2085, 407, 93),
(2083, 407, 94),
(2084, 407, 99),
(2087, 408, 93),
(2086, 408, 94),
(2088, 408, 110),
(2092, 409, 94),
(2089, 409, 95),
(2090, 409, 96),
(2093, 409, 97),
(2091, 409, 98),
(2096, 410, 93),
(2094, 410, 94),
(2095, 410, 99),
(2097, 411, 4),
(2098, 411, 5),
(2099, 411, 6),
(2100, 411, 52),
(2101, 411, 64),
(2104, 412, 4),
(2105, 412, 5),
(2106, 412, 6),
(2102, 412, 50),
(2103, 412, 51),
(2107, 412, 52),
(2108, 412, 64),
(2109, 413, 4),
(2110, 413, 5),
(2111, 413, 6),
(2112, 413, 64),
(2113, 414, 4),
(2114, 414, 5),
(2115, 414, 6),
(2116, 414, 64),
(2118, 415, 95),
(2119, 415, 96),
(2121, 415, 97),
(2120, 415, 98),
(2117, 415, 99),
(2124, 416, 93),
(2122, 416, 94),
(2125, 416, 98),
(2123, 416, 99),
(2128, 417, 93),
(2126, 417, 94),
(2127, 417, 99),
(2131, 418, 93),
(2129, 418, 94),
(2130, 418, 99),
(2132, 418, 110),
(2133, 419, 95),
(2134, 419, 96),
(2135, 419, 97),
(2136, 419, 98),
(2137, 420, 95),
(2138, 420, 97),
(2139, 420, 98),
(2140, 421, 50),
(2141, 421, 51),
(2142, 421, 52),
(2143, 422, 95),
(2144, 422, 97),
(2145, 422, 98),
(2146, 423, 111),
(2150, 424, 93),
(2147, 424, 94),
(2148, 424, 99),
(2149, 424, 112),
(2151, 425, 95),
(2152, 425, 96),
(2153, 425, 111),
(2154, 426, 10),
(2155, 426, 11),
(2156, 426, 12),
(2157, 427, 10),
(2158, 427, 11),
(2159, 427, 12),
(2160, 428, 50),
(2161, 428, 51),
(2162, 428, 52),
(2163, 429, 4),
(2164, 429, 6),
(2165, 430, 67),
(2166, 430, 68),
(2167, 430, 69),
(2168, 430, 70),
(2169, 431, 50),
(2170, 431, 51),
(2171, 431, 52),
(2179, 432, 19),
(2182, 432, 35),
(2172, 432, 36),
(2173, 432, 38),
(2174, 432, 39),
(2175, 432, 40),
(2176, 432, 41),
(2177, 432, 42),
(2178, 432, 43),
(2180, 432, 45),
(2181, 432, 46),
(2183, 433, 50),
(2184, 433, 51),
(2185, 433, 52),
(2189, 434, 26),
(2198, 434, 35),
(2186, 434, 36),
(2187, 434, 38),
(2188, 434, 39),
(2190, 434, 40),
(2191, 434, 41),
(2192, 434, 42),
(2193, 434, 43),
(2195, 434, 44),
(2196, 434, 45),
(2197, 434, 46),
(2194, 434, 83),
(2200, 435, 10),
(2203, 435, 11),
(2201, 435, 12),
(2199, 435, 106),
(2202, 435, 107),
(2204, 436, 4),
(2205, 436, 5),
(2206, 436, 6),
(2207, 436, 64),
(2208, 437, 4),
(2209, 437, 5),
(2210, 437, 6),
(2211, 437, 64),
(2212, 438, 4),
(2213, 438, 5),
(2214, 438, 6),
(2215, 438, 64),
(2225, 439, 35),
(2216, 439, 38),
(2218, 439, 39),
(2220, 439, 40),
(2219, 439, 41),
(2221, 439, 42),
(2222, 439, 44),
(2223, 439, 45),
(2224, 439, 46),
(2217, 439, 78),
(2235, 440, 35),
(2226, 440, 38),
(2228, 440, 39),
(2230, 440, 40),
(2229, 440, 41),
(2231, 440, 42),
(2232, 440, 44),
(2233, 440, 45),
(2234, 440, 46),
(2227, 440, 78),
(2236, 441, 4),
(2237, 441, 5),
(2238, 441, 6),
(2239, 441, 64),
(2240, 442, 105),
(2242, 443, 10),
(2245, 443, 11),
(2244, 443, 52),
(2241, 443, 106),
(2243, 443, 107),
(2247, 444, 48),
(2246, 444, 62),
(2248, 444, 63),
(2249, 445, 4),
(2250, 445, 6),
(2251, 446, 50),
(2252, 446, 51),
(2254, 446, 52),
(2253, 446, 101),
(2255, 447, 4),
(2257, 447, 5),
(2259, 447, 64),
(2256, 447, 68),
(2258, 447, 70),
(2260, 448, 4),
(2263, 448, 5),
(2264, 448, 6),
(2266, 448, 64),
(2262, 448, 68),
(2261, 448, 69),
(2265, 448, 70),
(2267, 449, 4),
(2268, 449, 5),
(2269, 449, 6),
(2270, 449, 64),
(2271, 450, 50),
(2272, 450, 51),
(2273, 450, 52),
(2274, 451, 36),
(2275, 451, 38),
(2276, 451, 39),
(2277, 451, 40),
(2278, 451, 41),
(2279, 451, 42),
(2280, 451, 43),
(2281, 451, 44),
(2282, 451, 45),
(2283, 451, 46),
(2286, 452, 4),
(2288, 452, 5),
(2289, 452, 6),
(2284, 452, 50),
(2285, 452, 51),
(2290, 452, 52),
(2291, 452, 64),
(2287, 452, 101),
(2304, 453, 35),
(2292, 453, 36),
(2293, 453, 37),
(2294, 453, 38),
(2295, 453, 39),
(2296, 453, 40),
(2297, 453, 41),
(2298, 453, 42),
(2299, 453, 43),
(2301, 453, 44),
(2302, 453, 45),
(2303, 453, 46),
(2305, 453, 47),
(2300, 453, 83),
(2307, 454, 7),
(2308, 454, 8),
(2309, 454, 9),
(2306, 454, 78),
(2310, 455, 4),
(2311, 455, 5),
(2312, 455, 6),
(2313, 455, 64),
(2314, 456, 4),
(2315, 456, 5),
(2316, 456, 6),
(2317, 456, 82),
(2318, 457, 4),
(2319, 457, 5),
(2320, 457, 6),
(2321, 457, 82),
(2322, 458, 4),
(2323, 458, 5),
(2324, 458, 6),
(2325, 458, 64),
(2326, 459, 4),
(2327, 459, 5),
(2328, 459, 6),
(2329, 459, 64),
(2331, 460, 48),
(2330, 460, 62),
(2332, 460, 63),
(2334, 461, 48),
(2333, 461, 62),
(2335, 462, 67),
(2336, 462, 68),
(2337, 462, 69),
(2338, 462, 70),
(2339, 463, 67),
(2340, 463, 68),
(2341, 463, 69),
(2342, 463, 70),
(2343, 464, 87),
(2344, 464, 88),
(2345, 464, 113),
(2346, 465, 87),
(2347, 465, 88),
(2348, 465, 113),
(2349, 466, 87),
(2350, 466, 88),
(2351, 466, 113),
(2352, 467, 87),
(2353, 467, 88),
(2354, 467, 113),
(2357, 468, 68),
(2355, 468, 87),
(2356, 468, 88),
(2358, 468, 113),
(2359, 469, 87),
(2360, 469, 88),
(2361, 469, 113),
(2363, 470, 67),
(2364, 470, 68),
(2362, 470, 69),
(2365, 470, 70),
(2366, 470, 113),
(2367, 471, 87),
(2368, 471, 88),
(2369, 471, 113),
(2370, 472, 87),
(2371, 472, 88),
(2372, 472, 113),
(2375, 473, 68),
(2373, 473, 87),
(2374, 473, 88),
(2376, 473, 113),
(2377, 474, 87),
(2378, 474, 88),
(2379, 474, 113),
(2380, 475, 87),
(2381, 475, 88),
(2382, 475, 113),
(2383, 476, 87),
(2384, 476, 88),
(2385, 476, 113),
(2386, 477, 87),
(2387, 477, 88),
(2388, 477, 113),
(2389, 478, 87),
(2390, 478, 88),
(2391, 478, 113),
(2392, 479, 87),
(2393, 479, 88),
(2394, 479, 113),
(2395, 480, 87),
(2396, 480, 88),
(2397, 480, 113),
(2398, 481, 67),
(2399, 482, 87),
(2400, 482, 88),
(2401, 483, 87),
(2402, 483, 88),
(2403, 483, 113),
(2404, 484, 87),
(2405, 484, 88),
(2406, 484, 113),
(2408, 485, 87),
(2409, 485, 88),
(2410, 485, 113),
(2407, 485, 114),
(2412, 486, 87),
(2413, 486, 88),
(2414, 486, 113),
(2411, 486, 114),
(2416, 487, 87),
(2417, 487, 88),
(2418, 487, 113),
(2415, 487, 114),
(2421, 488, 68),
(2420, 488, 87),
(2423, 488, 88),
(2422, 488, 113),
(2419, 488, 114),
(2425, 489, 87),
(2426, 489, 88),
(2427, 489, 113),
(2424, 489, 114),
(2429, 490, 87),
(2430, 490, 88),
(2431, 490, 113),
(2428, 490, 114),
(2433, 491, 87),
(2434, 491, 88),
(2435, 491, 113),
(2432, 491, 114),
(2438, 492, 68),
(2437, 492, 87),
(2440, 492, 88),
(2439, 492, 113),
(2436, 492, 114),
(2441, 493, 87),
(2442, 493, 88),
(2443, 493, 113),
(2444, 494, 87),
(2445, 494, 88),
(2446, 494, 113),
(2449, 495, 68),
(2447, 495, 87),
(2448, 495, 88),
(2450, 495, 113),
(2451, 496, 87),
(2452, 496, 88),
(2453, 496, 113),
(2454, 497, 87),
(2455, 497, 88),
(2456, 497, 113),
(2457, 498, 87),
(2458, 498, 88),
(2459, 498, 113),
(2460, 499, 15),
(2462, 499, 16),
(2461, 499, 67),
(2463, 499, 103),
(2464, 500, 87),
(2465, 500, 88),
(2466, 500, 114),
(2469, 501, 67),
(2470, 501, 68),
(2467, 501, 69),
(2471, 501, 70),
(2468, 501, 87),
(2473, 501, 88),
(2472, 501, 113),
(2476, 502, 67),
(2477, 502, 68),
(2474, 502, 69),
(2478, 502, 70),
(2475, 502, 87),
(2480, 502, 88),
(2479, 502, 113),
(2481, 503, 15),
(2485, 503, 16),
(2482, 503, 67),
(2484, 503, 70),
(2483, 503, 103),
(2489, 504, 60),
(2491, 504, 61),
(2487, 504, 68),
(2486, 504, 87),
(2490, 504, 88),
(2488, 504, 113),
(2492, 505, 87),
(2493, 505, 88),
(2494, 505, 113),
(2495, 506, 87),
(2496, 506, 88),
(2497, 506, 113),
(2498, 507, 87),
(2499, 507, 88),
(2500, 507, 113),
(2501, 508, 87),
(2502, 508, 88),
(2503, 509, 87),
(2504, 509, 88),
(2505, 510, 87),
(2506, 510, 88),
(2507, 511, 87),
(2508, 511, 88),
(2509, 512, 87),
(2510, 512, 88),
(2511, 513, 87),
(2512, 513, 88),
(2513, 513, 114),
(2516, 514, 68),
(2514, 514, 87),
(2515, 514, 88),
(2517, 514, 114),
(2518, 515, 87),
(2519, 515, 88),
(2520, 515, 113),
(2521, 516, 87),
(2522, 516, 88),
(2523, 516, 113),
(2524, 517, 87),
(2525, 517, 88),
(2526, 517, 113),
(2527, 518, 87),
(2528, 518, 88),
(2529, 518, 113),
(2530, 519, 68),
(2531, 519, 69),
(2532, 519, 70),
(2533, 520, 15),
(2534, 520, 16),
(2535, 520, 114),
(2536, 521, 15),
(2538, 521, 16),
(2537, 521, 67),
(2539, 521, 103),
(2540, 522, 15),
(2545, 522, 16),
(2542, 522, 67),
(2544, 522, 70),
(2543, 522, 103),
(2541, 522, 114),
(2546, 523, 15),
(2547, 523, 16),
(2548, 523, 103),
(2549, 524, 15),
(2550, 524, 16),
(2551, 524, 103),
(2552, 525, 16),
(2553, 525, 87),
(2554, 525, 103),
(2555, 526, 87),
(2556, 526, 88),
(2557, 527, 87),
(2558, 527, 88),
(2559, 528, 87),
(2560, 528, 88),
(2561, 528, 114),
(2562, 529, 87),
(2563, 529, 88),
(2564, 530, 87),
(2565, 530, 88),
(2566, 531, 87),
(2567, 531, 88),
(2568, 532, 87),
(2569, 532, 88),
(2570, 533, 15),
(2576, 533, 16),
(2573, 533, 67),
(2574, 533, 68),
(2571, 533, 69),
(2575, 533, 103),
(2572, 533, 114),
(2577, 534, 67),
(2578, 534, 68),
(2579, 534, 69),
(2580, 534, 70),
(2581, 535, 15),
(2582, 535, 16),
(2583, 535, 103),
(2585, 536, 67),
(2586, 536, 68),
(2584, 536, 69),
(2588, 536, 70),
(2587, 536, 103),
(2589, 537, 15),
(2595, 537, 16),
(2591, 537, 67),
(2592, 537, 68),
(2590, 537, 69),
(2594, 537, 70),
(2593, 537, 103),
(2596, 538, 87),
(2597, 538, 88),
(2598, 539, 87),
(2599, 539, 88),
(2600, 540, 15),
(2603, 540, 16),
(2601, 540, 87),
(2602, 540, 88),
(2604, 541, 87),
(2605, 541, 88),
(2606, 542, 95),
(2607, 542, 96),
(2608, 543, 95),
(2609, 543, 96),
(2610, 544, 95),
(2611, 544, 96),
(2612, 545, 95),
(2613, 545, 96),
(2614, 546, 67),
(2615, 547, 15),
(2621, 547, 16),
(2618, 547, 68),
(2616, 547, 69),
(2620, 547, 70),
(2617, 547, 87),
(2622, 547, 88),
(2619, 547, 103),
(2623, 548, 87),
(2624, 548, 88),
(2625, 549, 15),
(2626, 549, 16),
(2627, 549, 103),
(2628, 550, 67),
(2629, 550, 69),
(2630, 550, 70),
(2631, 551, 15),
(2632, 551, 16),
(2633, 551, 103),
(2634, 552, 67),
(2635, 552, 69),
(2636, 552, 70),
(2637, 553, 15),
(2638, 553, 16),
(2639, 554, 87),
(2640, 554, 88),
(2641, 555, 87),
(2642, 555, 88),
(2643, 556, 87),
(2644, 556, 88),
(2645, 557, 87),
(2646, 557, 88),
(2647, 558, 87),
(2648, 558, 88),
(2649, 559, 87),
(2650, 559, 88),
(2651, 559, 114),
(2652, 560, 87),
(2653, 560, 88),
(2654, 560, 114),
(2655, 561, 87),
(2656, 561, 88),
(2657, 562, 87),
(2658, 562, 88),
(2659, 562, 114),
(2660, 563, 87),
(2661, 563, 88),
(2662, 564, 87),
(2663, 564, 88),
(2664, 565, 87),
(2665, 565, 88),
(2666, 565, 114),
(2667, 566, 87),
(2668, 566, 88),
(2669, 566, 114),
(2670, 567, 67),
(2671, 567, 68),
(2672, 567, 69),
(2673, 567, 70),
(2674, 568, 67),
(2675, 568, 68),
(2676, 568, 69),
(2677, 568, 70),
(2678, 569, 67),
(2679, 570, 67),
(2680, 571, 87),
(2681, 571, 88),
(2682, 571, 113),
(2683, 572, 87),
(2684, 572, 88),
(2685, 572, 113),
(2686, 573, 67),
(2687, 574, 15),
(2688, 574, 16),
(2689, 574, 103),
(2690, 575, 15),
(2691, 575, 16),
(2692, 575, 103),
(2693, 576, 15),
(2694, 576, 16),
(2695, 576, 103),
(2696, 577, 87),
(2697, 577, 88),
(2698, 578, 15),
(2699, 578, 16),
(2700, 578, 103),
(2701, 579, 15),
(2702, 579, 16),
(2703, 579, 103),
(2704, 580, 87),
(2705, 580, 88),
(2706, 581, 60),
(2709, 581, 61),
(2707, 581, 67),
(2708, 581, 68),
(2710, 582, 60),
(2713, 582, 61),
(2711, 582, 67),
(2712, 582, 68),
(2714, 583, 60),
(2717, 583, 61),
(2715, 583, 67),
(2716, 583, 68),
(2718, 584, 60),
(2721, 584, 61),
(2719, 584, 67),
(2720, 584, 68),
(2722, 585, 60),
(2725, 585, 61),
(2723, 585, 67),
(2724, 585, 68),
(2726, 586, 60),
(2729, 586, 61),
(2727, 586, 67),
(2728, 586, 68),
(2730, 587, 60),
(2733, 587, 61),
(2731, 587, 67),
(2732, 587, 68),
(2734, 588, 60),
(2737, 588, 61),
(2735, 588, 67),
(2736, 588, 68),
(2738, 589, 60),
(2741, 589, 61),
(2739, 589, 67),
(2740, 589, 68),
(2742, 590, 95),
(2743, 590, 96),
(2744, 590, 97),
(2745, 590, 98),
(2747, 591, 93),
(2746, 591, 99),
(2751, 592, 1),
(2748, 592, 2),
(2750, 592, 3),
(2752, 592, 93),
(2753, 592, 94),
(2749, 592, 99),
(2754, 593, 1),
(2755, 593, 2),
(2756, 593, 3),
(2757, 594, 18),
(2758, 594, 49),
(2759, 595, 18),
(2760, 595, 49),
(2763, 596, 93),
(2761, 596, 94),
(2762, 596, 99),
(2766, 597, 93),
(2764, 597, 94),
(2765, 597, 99),
(2769, 598, 93),
(2767, 598, 94),
(2768, 598, 99),
(2772, 599, 93),
(2770, 599, 94),
(2771, 599, 99),
(2773, 600, 37),
(2774, 600, 39),
(2775, 600, 40),
(2776, 600, 44),
(2777, 600, 46),
(2778, 600, 47),
(2782, 601, 13),
(2783, 601, 14),
(2781, 601, 68),
(2780, 601, 69),
(2779, 601, 79),
(2784, 602, 37),
(2785, 602, 38),
(2786, 602, 39),
(2788, 602, 40),
(2787, 602, 41),
(2789, 602, 42),
(2790, 602, 43),
(2791, 602, 44),
(2792, 602, 46),
(2793, 602, 47),
(2794, 603, 72),
(2795, 603, 73),
(2796, 603, 74),
(2797, 604, 72),
(2798, 604, 73),
(2799, 604, 74),
(2800, 605, 72),
(2801, 605, 73),
(2802, 605, 74),
(2803, 606, 95),
(2804, 606, 96),
(2805, 606, 97),
(2806, 606, 98),
(2807, 607, 18),
(2808, 607, 39),
(2809, 607, 49),
(2811, 608, 90),
(2810, 608, 104),
(2813, 609, 90),
(2812, 609, 104),
(2814, 610, 25),
(2815, 610, 27),
(2816, 610, 29),
(2817, 610, 31),
(2818, 610, 34),
(2819, 611, 87),
(2820, 611, 88),
(2821, 612, 87),
(2822, 612, 88),
(2823, 613, 87),
(2824, 613, 88),
(2825, 614, 87),
(2826, 614, 88),
(2827, 615, 87),
(2828, 615, 88),
(2829, 616, 87),
(2830, 616, 88),
(2833, 617, 93),
(2831, 617, 94),
(2832, 617, 99),
(2836, 618, 93),
(2834, 618, 94),
(2835, 618, 99),
(2839, 619, 93),
(2837, 619, 94),
(2838, 619, 99),
(2842, 620, 93),
(2840, 620, 94),
(2841, 620, 99),
(2845, 621, 93),
(2843, 621, 94),
(2844, 621, 99),
(2846, 622, 87),
(2847, 622, 88),
(2848, 623, 87),
(2849, 623, 88),
(2850, 624, 87),
(2851, 624, 88),
(2852, 625, 87),
(2853, 625, 88),
(2854, 626, 87),
(2855, 626, 88),
(2856, 627, 96),
(2857, 628, 87),
(2858, 628, 88),
(2859, 629, 87),
(2860, 629, 88),
(2861, 630, 87),
(2862, 630, 88),
(2863, 631, 88),
(2864, 632, 88),
(2865, 633, 88),
(2866, 634, 87),
(2867, 634, 88),
(2868, 635, 87),
(2869, 635, 88),
(2870, 636, 87),
(2871, 636, 88),
(2872, 637, 87),
(2873, 637, 88);

-- --------------------------------------------------------

--
-- Table structure for table `retailers`
--

CREATE TABLE `retailers` (
  `retailer_id` int(11) NOT NULL,
  `name` varchar(255) NOT NULL,
  `contact_person` varchar(255) DEFAULT NULL,
  `phone` varchar(50) DEFAULT NULL,
  `email` varchar(255) DEFAULT NULL,
  `address` text DEFAULT NULL,
  `city` varchar(100) DEFAULT NULL,
  `state` varchar(100) DEFAULT NULL,
  `zip_code` varchar(20) DEFAULT NULL,
  `created_at` timestamp NOT NULL DEFAULT current_timestamp(),
  `updated_at` timestamp NOT NULL DEFAULT current_timestamp() ON UPDATE current_timestamp()
) ENGINE=InnoDB DEFAULT CHARSET=utf8mb4 COLLATE=utf8mb4_unicode_ci;

--
-- Dumping data for table `retailers`
--

INSERT INTO `retailers` (`retailer_id`, `name`, `contact_person`, `phone`, `email`, `address`, `city`, `state`, `zip_code`, `created_at`, `updated_at`) VALUES
(1, 'BatteryBoss Online', NULL, NULL, 'info@batteryboss.in', NULL, NULL, NULL, NULL, '2025-07-07 07:58:59', '2025-07-07 07:58:59');

-- --------------------------------------------------------

--
-- Table structure for table `retailer_battery_pricing`
--

CREATE TABLE `retailer_battery_pricing` (
  `retailer_id` int(11) NOT NULL,
  `battery_id` int(11) NOT NULL,
  `price_inr` decimal(10,2) DEFAULT NULL,
  `special_price_inr` decimal(10,2) DEFAULT NULL,
  `price_with_exchange_inr` decimal(10,2) DEFAULT NULL,
  `price_without_exchange_inr` decimal(10,2) DEFAULT NULL,
  `last_updated` timestamp NOT NULL DEFAULT current_timestamp() ON UPDATE current_timestamp()
) ENGINE=InnoDB DEFAULT CHARSET=utf8mb4 COLLATE=utf8mb4_unicode_ci;

--
-- Dumping data for table `retailer_battery_pricing`
--

INSERT INTO `retailer_battery_pricing` (`retailer_id`, `battery_id`, `price_inr`, `special_price_inr`, `price_with_exchange_inr`, `price_without_exchange_inr`, `last_updated`) VALUES
(1, 1, 5807.00, 4200.00, 4200.00, 5200.00, '2025-07-07 07:58:59'),
(1, 2, 7061.00, 4900.00, 4900.00, 6000.00, '2025-07-07 07:58:59'),
(1, 3, 7123.00, 4900.00, 4900.00, 6400.00, '2025-07-07 07:58:59'),
(1, 4, 8963.00, 6400.00, 6400.00, 7900.00, '2025-07-07 08:01:03'),
(1, 5, 7616.00, 4900.00, 4900.00, 6500.00, '2025-07-07 08:01:03'),
(1, 6, 8787.00, 5900.00, 5900.00, 7600.00, '2025-07-07 08:01:03'),
(1, 7, 4949.00, 3300.00, 3300.00, 4400.00, '2025-07-07 08:01:03'),
(1, 8, 6113.00, 4400.00, 4400.00, 5400.00, '2025-07-07 08:01:03'),
(1, 9, 5389.00, 3900.00, 3900.00, 5000.00, '2025-07-07 08:01:03'),
(1, 10, 8047.00, 5600.00, 5600.00, 7200.00, '2025-07-07 08:01:03'),
(1, 11, 6248.00, 4500.00, 4500.00, 5800.00, '2025-07-07 08:01:03'),
(1, 12, 8638.00, 6100.00, 6100.00, 7800.00, '2025-07-07 08:01:03'),
(1, 13, 8666.00, 6200.00, 6200.00, 8100.00, '2025-07-07 08:01:03'),
(1, 14, 9377.00, 6400.00, 6400.00, 8600.00, '2025-07-07 08:01:03'),
(1, 15, 12815.00, 8700.00, 8700.00, 10900.00, '2025-07-07 08:01:03'),
(1, 16, 13377.00, 9500.00, 9500.00, 12000.00, '2025-07-07 08:01:03'),
(1, 17, 9337.00, 6600.00, 6600.00, 7900.00, '2025-07-07 08:01:03'),
(1, 18, 9137.00, 6200.00, 6200.00, 7900.00, '2025-07-07 08:01:03'),
(1, 19, 4982.00, 3400.00, 3400.00, 4400.00, '2025-07-07 08:01:03'),
(1, 20, 7232.00, 5100.00, 5100.00, 6300.00, '2025-07-07 08:01:03'),
(1, 21, 4783.00, 3500.00, 3500.00, 4400.00, '2025-07-07 08:01:03'),
(1, 22, 3448.00, 2700.00, 2700.00, 3400.00, '2025-07-07 08:01:03'),
(1, 23, 5190.00, 3600.00, 3600.00, 4400.00, '2025-07-07 08:01:03'),
(1, 24, 4628.00, 2900.00, 2900.00, 3900.00, '2025-07-07 08:01:03'),
(1, 25, 4831.00, 3300.00, 3300.00, 4100.00, '2025-07-07 08:01:03'),
(1, 26, 4281.00, 2900.00, 2900.00, 3800.00, '2025-07-07 08:01:03'),
(1, 27, 4437.00, 3000.00, 3000.00, 3900.00, '2025-07-07 08:01:03'),
(1, 28, 5303.00, 4100.00, 4100.00, 4900.00, '2025-07-07 08:01:03'),
(1, 29, 5309.00, 3700.00, 3700.00, 4700.00, '2025-07-07 08:01:03'),
(1, 30, 3924.00, 2700.00, 2700.00, 3600.00, '2025-07-07 08:01:03'),
(1, 31, 5424.00, 4300.00, 4300.00, 5300.00, '2025-07-07 08:01:03'),
(1, 32, 5072.00, 4000.00, 4000.00, 4700.00, '2025-07-07 08:01:03'),
(1, 33, 3504.00, 2800.00, 2800.00, 3500.00, '2025-07-07 08:01:03'),
(1, 34, 5997.00, 4500.00, 4500.00, 5500.00, '2025-07-07 08:01:03'),
(1, 35, 5190.00, 3600.00, 3600.00, 4400.00, '2025-07-07 08:01:03'),
(1, 36, 3924.00, 2700.00, 2700.00, 3600.00, '2025-07-07 08:01:03'),
(1, 37, 4650.00, 4000.00, 4000.00, 4500.00, '2025-07-07 08:01:03'),
(1, 38, 5692.00, 3800.00, 3800.00, 4900.00, '2025-07-07 08:01:03'),
(1, 39, 4628.00, 2900.00, 2900.00, 3900.00, '2025-07-07 08:01:03'),
(1, 40, 5309.00, 3900.00, 3900.00, 4700.00, '2025-07-07 08:01:03'),
(1, 41, 5424.00, 4200.00, 4200.00, 4700.00, '2025-07-07 08:01:03'),
(1, 42, 4437.00, 2900.00, 2900.00, 4000.00, '2025-07-07 08:01:03'),
(1, 43, 3504.00, 2900.00, 2900.00, 3500.00, '2025-07-07 08:01:03'),
(1, 44, 4831.00, 3200.00, 3200.00, 4300.00, '2025-07-07 08:01:03'),
(1, 45, 5072.00, 4000.00, 4000.00, 4600.00, '2025-07-07 08:01:03'),
(1, 46, 3823.00, 2600.00, 2600.00, 3500.00, '2025-07-07 08:01:03'),
(1, 47, 4783.00, 3400.00, 3400.00, 4300.00, '2025-07-07 08:01:03'),
(1, 48, 6793.00, 5300.00, 5300.00, 6200.00, '2025-07-07 08:01:03'),
(1, 49, 8437.00, 6700.00, 6700.00, 7500.00, '2025-07-07 08:01:03'),
(1, 50, 6589.00, 4400.00, 4400.00, 5700.00, '2025-07-07 08:01:03'),
(1, 51, 7510.00, 5100.00, 5100.00, 6300.00, '2025-07-07 08:01:03'),
(1, 52, 8097.00, 5700.00, 5700.00, 7200.00, '2025-07-07 08:01:03'),
(1, 53, 8998.00, 6200.00, 6200.00, 7800.00, '2025-07-07 08:01:03'),
(1, 54, 7560.00, 4500.00, 4500.00, 6500.00, '2025-07-07 08:01:03'),
(1, 55, 8805.00, 5800.00, 5800.00, 7700.00, '2025-07-07 08:01:03'),
(1, 56, 8998.00, 6000.00, 6000.00, 7800.00, '2025-07-07 08:01:03'),
(1, 57, 7260.00, 5400.00, 5400.00, 6600.00, '2025-07-07 08:01:03'),
(1, 58, 6711.00, 4800.00, 4800.00, 6000.00, '2025-07-07 08:01:03'),
(1, 59, 4650.00, 4000.00, 4000.00, 4500.00, '2025-07-07 08:01:03'),
(1, 60, 10140.00, 7500.00, 7500.00, 9500.00, '2025-07-07 08:01:04'),
(1, 61, 10380.00, 7100.00, 7100.00, 9200.00, '2025-07-07 08:01:04'),
(1, 62, 8171.00, 5900.00, 5900.00, 7100.00, '2025-07-07 08:01:04'),
(1, 63, 7396.00, 5800.00, 5800.00, 7100.00, '2025-07-07 08:01:04'),
(1, 64, 7105.00, 5500.00, 5500.00, 6500.00, '2025-07-07 08:01:04'),
(1, 65, 6057.00, 4300.00, 4300.00, 5500.00, '2025-07-07 08:01:04'),
(1, 66, 7477.00, 4800.00, 4800.00, 6500.00, '2025-07-07 08:01:04'),
(1, 67, 12904.00, 8800.00, 8800.00, 10700.00, '2025-07-07 08:01:04'),
(1, 68, 13905.00, 9800.00, 9800.00, 12200.00, '2025-07-07 08:01:04'),
(1, 69, 11907.00, 10000.00, 10000.00, 11200.00, '2025-07-07 08:01:04'),
(1, 70, 10625.00, 8200.00, 8200.00, 9500.00, '2025-07-07 08:01:04'),
(1, 71, 5200.00, 3900.00, 3900.00, 4800.00, '2025-07-07 08:01:04'),
(1, 72, 8032.00, 5500.00, 5500.00, 6900.00, '2025-07-07 08:01:04'),
(1, 73, 7274.00, 4700.00, 4700.00, 6000.00, '2025-07-07 08:01:04'),
(1, 74, 8917.00, 5800.00, 5800.00, 7900.00, '2025-07-07 08:01:04'),
(1, 75, 7776.00, 5500.00, 5500.00, 6900.00, '2025-07-07 08:01:04'),
(1, 76, 5391.00, 4000.00, 4000.00, 5000.00, '2025-07-07 08:01:04'),
(1, 77, 7435.00, 4900.00, 4900.00, 6300.00, '2025-07-07 08:01:04'),
(1, 78, 4374.00, 3300.00, 3300.00, 3900.00, '2025-07-07 08:01:04'),
(1, 79, 7792.00, 5300.00, 5300.00, 6800.00, '2025-07-07 08:01:04'),
(1, 80, 7152.00, 5200.00, 5200.00, 6500.00, '2025-07-07 08:01:04'),
(1, 81, 5500.00, 4700.00, 4700.00, 5500.00, '2025-07-07 08:01:04'),
(1, 82, 6769.00, 4900.00, 4900.00, 6100.00, '2025-07-07 08:01:04'),
(1, 83, 4003.00, 2700.00, 2700.00, 3500.00, '2025-07-07 08:01:04'),
(1, 84, 4316.00, 3200.00, 3200.00, 3900.00, '2025-07-07 08:01:04'),
(1, 85, 4570.00, 3300.00, 3300.00, 4100.00, '2025-07-07 08:01:05'),
(1, 86, 5106.00, 3700.00, 3700.00, 4600.00, '2025-07-07 08:01:05'),
(1, 87, 21180.00, 14900.00, 14900.00, 17900.00, '2025-07-07 08:01:05'),
(1, 88, 22254.00, 14900.00, 14900.00, 17500.00, '2025-07-07 08:01:05'),
(1, 89, 8518.00, 5900.00, 5900.00, 7200.00, '2025-07-07 08:01:05'),
(1, 90, 8597.00, 5900.00, 5900.00, 7500.00, '2025-07-07 08:01:05'),
(1, 91, 7123.00, 5000.00, 5000.00, 6600.00, '2025-07-07 08:01:05'),
(1, 92, 7510.00, 5100.00, 5100.00, 6400.00, '2025-07-07 08:01:05'),
(1, 93, 8306.00, 5500.00, 5500.00, 7000.00, '2025-07-07 08:01:05'),
(1, 94, 7654.00, 5200.00, 5200.00, 6900.00, '2025-07-07 08:01:05'),
(1, 95, 8666.00, 5700.00, 5700.00, 7900.00, '2025-07-07 08:01:05'),
(1, 96, 9377.00, 6000.00, 6000.00, 8300.00, '2025-07-07 08:01:05'),
(1, 97, 6105.00, 4500.00, 4500.00, 5800.00, '2025-07-07 08:01:05'),
(1, 98, 7792.00, 5500.00, 5500.00, 7200.00, '2025-07-07 08:01:05'),
(1, 99, 7813.00, 5700.00, 5700.00, 7100.00, '2025-07-07 08:01:05'),
(1, 100, 7929.00, 5700.00, 5700.00, 6900.00, '2025-07-07 08:01:06'),
(1, 101, 6080.00, 4900.00, 4900.00, 5600.00, '2025-07-07 08:01:06'),
(1, 102, 10459.00, 8400.00, 8400.00, 9500.00, '2025-07-07 08:01:06'),
(1, 103, 11579.00, 8400.00, 8400.00, 10300.00, '2025-07-07 08:01:06'),
(1, 104, 7851.00, 5900.00, 5900.00, 7000.00, '2025-07-07 08:01:06'),
(1, 105, 7942.00, 5600.00, 5600.00, 7000.00, '2025-07-07 08:01:07'),
(1, 106, 5124.00, 3800.00, 3800.00, 5000.00, '2025-07-07 08:01:07'),
(1, 107, 7654.00, 5200.00, 5200.00, 6900.00, '2025-07-07 08:01:07'),
(1, 108, 6328.00, 4600.00, 4600.00, 5700.00, '2025-07-07 08:01:07'),
(1, 109, 6903.00, 5100.00, 5100.00, 6000.00, '2025-07-07 08:01:07'),
(1, 110, 8957.00, 6500.00, 6500.00, 8200.00, '2025-07-07 08:01:07'),
(1, 111, 9485.00, 6800.00, 6800.00, 8600.00, '2025-07-07 08:01:08'),
(1, 112, 5124.00, 3800.00, 3800.00, 5000.00, '2025-07-07 08:01:08'),
(1, 113, 17374.00, 14500.00, 14500.00, 16200.00, '2025-07-07 08:01:08'),
(1, 114, 15228.00, 11000.00, 11000.00, 13300.00, '2025-07-07 08:01:08');

--
-- Indexes for dumped tables
--

--
-- Indexes for table `batteries`
--
ALTER TABLE `batteries`
  ADD PRIMARY KEY (`battery_id`),
  ADD UNIQUE KEY `original_url` (`original_url`),
  ADD UNIQUE KEY `idx_unique_battery_name` (`name`),
  ADD KEY `idx_batteries_capacity_ah` (`capacity_ah`),
  ADD KEY `idx_batteries_warranty` (`total_warranty_months`),
  ADD KEY `idx_batteries_name` (`name`);

--
-- Indexes for table `cars`
--
ALTER TABLE `cars`
  ADD PRIMARY KEY (`car_id`),
  ADD UNIQUE KEY `idx_unique_car_variant` (`make`,`model_variant`),
  ADD KEY `idx_cars_make_model_variant` (`make`,`model_variant`);

--
-- Indexes for table `car_battery_compatibility`
--
ALTER TABLE `car_battery_compatibility`
  ADD PRIMARY KEY (`compatibility_id`),
  ADD UNIQUE KEY `idx_unique_compatibility` (`car_id`,`battery_id`),
  ADD KEY `idx_compatibility_car_id` (`car_id`),
  ADD KEY `idx_compatibility_battery_id` (`battery_id`);

--
-- Indexes for table `retailers`
--
ALTER TABLE `retailers`
  ADD PRIMARY KEY (`retailer_id`),
  ADD UNIQUE KEY `name` (`name`),
  ADD UNIQUE KEY `email` (`email`);

--
-- Indexes for table `retailer_battery_pricing`
--
ALTER TABLE `retailer_battery_pricing`
  ADD PRIMARY KEY (`retailer_id`,`battery_id`),
  ADD KEY `idx_rbp_retailer_id` (`retailer_id`),
  ADD KEY `idx_rbp_battery_id` (`battery_id`),
  ADD KEY `idx_rbp_price_inr` (`price_inr`),
  ADD KEY `idx_rbp_special_price_inr` (`special_price_inr`);

--
-- AUTO_INCREMENT for dumped tables
--

--
-- AUTO_INCREMENT for table `batteries`
--
ALTER TABLE `batteries`
  MODIFY `battery_id` int(11) NOT NULL AUTO_INCREMENT, AUTO_INCREMENT=115;

--
-- AUTO_INCREMENT for table `cars`
--
ALTER TABLE `cars`
  MODIFY `car_id` int(11) NOT NULL AUTO_INCREMENT, AUTO_INCREMENT=638;

--
-- AUTO_INCREMENT for table `car_battery_compatibility`
--
ALTER TABLE `car_battery_compatibility`
  MODIFY `compatibility_id` int(11) NOT NULL AUTO_INCREMENT, AUTO_INCREMENT=2874;

--
-- AUTO_INCREMENT for table `retailers`
--
ALTER TABLE `retailers`
  MODIFY `retailer_id` int(11) NOT NULL AUTO_INCREMENT, AUTO_INCREMENT=2;

--
-- Constraints for dumped tables
--

--
-- Constraints for table `car_battery_compatibility`
--
ALTER TABLE `car_battery_compatibility`
  ADD CONSTRAINT `car_battery_compatibility_ibfk_1` FOREIGN KEY (`car_id`) REFERENCES `cars` (`car_id`) ON DELETE CASCADE ON UPDATE CASCADE,
  ADD CONSTRAINT `car_battery_compatibility_ibfk_2` FOREIGN KEY (`battery_id`) REFERENCES `batteries` (`battery_id`) ON DELETE CASCADE ON UPDATE CASCADE;

--
-- Constraints for table `retailer_battery_pricing`
--
ALTER TABLE `retailer_battery_pricing`
  ADD CONSTRAINT `retailer_battery_pricing_ibfk_1` FOREIGN KEY (`retailer_id`) REFERENCES `retailers` (`retailer_id`) ON DELETE CASCADE ON UPDATE CASCADE,
  ADD CONSTRAINT `retailer_battery_pricing_ibfk_2` FOREIGN KEY (`battery_id`) REFERENCES `batteries` (`battery_id`) ON DELETE CASCADE ON UPDATE CASCADE;
COMMIT;

/*!40101 SET CHARACTER_SET_CLIENT=@OLD_CHARACTER_SET_CLIENT */;
/*!40101 SET CHARACTER_SET_RESULTS=@OLD_CHARACTER_SET_RESULTS */;
/*!40101 SET COLLATION_CONNECTION=@OLD_COLLATION_CONNECTION */;
